product_name,price,Top_Sell_Rank,Popularity_Rank
 100 Flower Perfume Fragrance Roll on Attar (6 ML) ,70,707,3
 100% Pure - Cold Pressed Flaxseed OIL - 100 ML ,250,291,3
 100% Unrefined Certified Grade A Shea Butter with a Hint of Organic Lavender Essential Oil 1 oz. By AAA Shea Butter ,2654,549,3
" 2 : Secret Invisible Solid Antiperspirant Deodorant, Powder, 2.6 Ounce (Pack of 2) ",2059,186,3
 3D Eye Mask ,2659,124,3
" 4700BC Himalayan Salt Caramel Popcorn, Tin, 110g - Special Edition: Robo 2.0 Movie ",120,96,3
 6pcs Whitening Moisturizing Essence Serum Anti Wrinkle Aging Firming Face Creams Beauty Skin Care Cream Instantly Ageless ,3819,291,3
 99Auth 5L Natural Raw Cold Pressed Gingelly Oil + Free Tasty Original 150g Country Brown Sugar & Also Free 250g Pure Desi Cow Ghee. Natural Pure Adulteration Free Products. ,4007,273,3
 A M Clove Oil P Of 2 ,399,124,3
 AASA Combo of Bamboo Charcoal Sponge with Polycotton Facial Headbands Hair for Facial Time Parlor Accessories for Women and Girls Multicolor Pack of 1 ,469,285,3
" AGARAM 100% Natural Coconut Oil 1500 ml , Pack of 2 ",599,291,3
 ANTONIO BANDERAS Blue Seduction For Him Eau De Toilette 100ml ,1597,578,3
" APS Cosmetofood Basil and Mint Mojito Serum, 50ml ",389,790,3
" AROMA MAGIC Face Wash Neem and Tea Tree, 50ml - Pack of 3 ",270,458,3
 ASHTAAROMAS Pack of 2 Cherry Attar Perfume Oil (9 ml Each) ,489,790,3
" AXE Recharge Game Face Bodyspray, 150ml ",170,458,3
" AZGGN Hand Callus Remover, Palm Finger Thumb Callus Shaver Titania With 10 Blades For Removing Hard, Cracked, Dry Skin ",3049,649,3
 Aarmella Milk Chocolate Filled with Crispy Balls & Mix Dry-Fruits Bfly Big Transparent-(Golden)-(175-Gram) ,249,124,3
 Aashish Anti-Aging Day Cream Horse Oil Whitening Moisturizing Skin Care ,6697,141,3
 Aashish Repairing Moisturizers Acid Day Creams Face Skin Care Whitening Skin ,1856,919,3
 Abra Sleep Therapy Bath 1Lb ,7040,458,3
 Absolute Aromas Cedarwood Atlas Essential Oil ,2679,771,3
 Academie AcadAromes Essential Revitalization Face - 15ml/0.5oz ,9450,578,3
 Adidev Herbals Fair and Glow Activated Charcoal Cream 250gms ,325,77,3
 Adrienne Vittadini AV Coffret: EDP Spray 90ml/3oz + Body Lotion 100ml/3.3oz + Shower Gel 100ml/3.3oz 3pcs ,4219,707,3
 Aekyung Kerasys Oriental Premium Treatment 200ml ,2389,458,3
 African Black Soap From Ghana 5 Lbs ,8779,544,3
 Aftershave Lotion for Men to Fight Razor Bumps & Ingrown Hairs with Best Natural Peppermint + Coffee + Aloe - Doubles as an Anti-Aging Face Moisturizer for Fine Lines & Wrinkles - 1.6 oz by Body Merry ,3819,291,3
 Agrophilia Pumpkin Seeds (Table top Pack of 2) AAA Grade ,375,291,3
 Ahura spices Super Garam Masala 250 Gram jar ,190,703,3
" Ajmal Aurum & Sacred Love & Wisal Dhahab Deodorant Spray - For Men & Women (200 ml, Pack of 3) ",897,458,3
" Ajmal Silver Shade Deodorant Spray - For Men (200 ml, Pack of 3) ",807,649,3
 Al Alif Cigar Attar 100 Gms By Kivalo ,875,544,3
 Al Nuaim- White Oudh 16ml - Attar perfume for All ,300,458,3
" Allegro Marinade, Hickory Smk, 12.70-Ounce Glass Bottle (Pack Of 6) ",8960,291,3
" Aloe Advantage Sham-Pony Body Wash, 16-Ounce ",3058,703,3
 Amazon Keratin PASSION FRUIT HYDRATE CONDITIONER 473 ml ,3400,458,3
 Amber Patchouly - Auric Blends Fine Perfume Oil (1/3 Oz Roll-on Bottle) ,2059,21,3
" Amina Ubtan Face Pack, Yellow, 600 g (Pack of 12) ",240,919,3
 Anandini Himalaya Tea ~ English Breakfast | 75g (37 Cups) | Farm to Cup Full leaf Tea ,270,446,3
 Ancient Flower - Age Editor - Age Control Face oil Serum - with Rosehip Oil & Cuticle and Nail Oil (Nail tonic) (20 ml) ,299,96,3
 Ancient Flower - Age Editor - Age Control Face oil Serum - with Rosehip Oil & Nail and Cuticle Care Oil (20 ml) ,299,458,3
 Ancient Flower - Natural Vitamin C and Lavender & Nail and Cuticle Care Oil (20 ml) ,299,291,3
 Ancient Flower - Oil is Gold - Argan all Day Face Serum & Oil is Gold - Argan Night Face Serum & Rose and Gold - Rosehip Face Serum & Cuticle and Nail Oil (40ml) ,799,291,3
 Ancient Healer 100% Natural Fir Needle Essential Oil (5000) ,7750,578,3
 Ancient Living Bergamot Essential Oil - 10ml ,210,578,3
 Ancient Living Organic Skin Brightening Combo - Anti Ageing & Skin Nourishing properties (2 Face packs & Organic Rose water) ,620,186,3
 Ancient flower - Rose Water & A Royal Story Natural Vitamin C with Argan Night Repair Face Serum & Oil Is Gold - Argan Lip Oil (100 ml + 10 ml + 8 ml) ,349,919,3
 Ancient flower - Rose Water & Frankincense and Lemon - Face Serum & Lip Lust Natural Lip Oil (100 ml + 10 ml + 8 ml) ,349,186,3
" AngTatva Hair Growth Serum: Hair Serum For Hair Fall Control, Hair Treatment, Hair Growth, 30ML ",1495,53,3
 Annemarie Borlind Rose Dew Hydro Stimulant Cleansing Milk 5.07 fl. oz (150 ml) ,8179,64,3
" Anself BUBM Shell Shape Toiletry Cosmetic Storage Bag Makeup Metal Zipper Handbag for Women Girls, Waterproof and Scratch-Resistant ",1599,549,3
 Anself Digital Moisture Monitor for Skin Oil and Water Detector Pen Facial Skin Analyzer LCD Display Electronic Beauty Instrument ,1279,291,3
 Anself Hair Coloring Bowl Set Hair Dyestuff Cream Paint Stirring Bowl with Holder ,759,458,3
 Anself Mens Metal Shaving Bowl Barber Brass Soap Mug Cup Face Cleaning Soap Bowl ,1169,707,3
 Anugrah mart Silicone Gel Half Toe Sleeve Anti-Skid Forefoot Soft Pads for Pain Relief heel front socks silicone Heel Protector ,249,707,3
 Aramaic GUESS | INSPIRED ATTAR | ALCOHOL FREE | 8 ML Floral Attar ,259,578,3
 Arganicare Leave in Conditioner for Dry & Damaged Hair Enriched with Organic Argan Oil and Shea Butter (13.5 Fluid Ounce) ,3782,291,3
 AriaStarrBeauty Aria Starr Coconut Milk Body Scrub - Best 100% Natural Skin Care Exfoliator & Moisturizer - 12 OZ ,3682,46,3
" Aritaum Ginger Sugar Lip Balm Stick, 0.13 Ounce ",1639,181,3
" Armaf Body Mist for Women, Tag Her, 250ml ",441,458,3
 Armaf Eternia Perfume Body Spray for Men - 200ml ,295,781,3
 Arochem Magnet and H2o Deodrants For Men Women Body Spray ,310,790,3
 Aromaplus Herbal Amla Herbal Natural Powder(Pack of 3) ,275,649,3
 Aroura Achar Since 1944 Mango Pickle (1 kg) ,215,291,3
" Aryanveda Combo of Coloured & Frizzing Shampoo With Arganic Hair Oil, 1100 ml ",649,536,3
 Asli Pahadi Phool Exotic Perfume (6 ml) ,180,54,3
 Atoz prime Replenishing Deep Body Cream Body Lotion Soothing Moisturizer Whitening Cream Anti Wrinkle Skin Care Body Care 250ml ,5610,790,3
" Auravedic Hair Fall Control Shampoo, 250ml ",250,549,3
 Australian Gold Continuous Spf#15 Spray 6oz With Bronzer (2 Pack) ,7889,881,3
 Aveeno Brightening Cleanser 6.7 FL OZ ,2467,291,3
 Aveeno Moisturizing Bar for Dry Skin 3 Oz (Pack of 4) ,3595,881,3
" Aveeno Positively Radiant Exfoliating Daily Cleansing Pads, 28 Count ",2515,790,3
 Avon Anew Ultimate 7s Day Cream ,1999,700,3
 Avon Attraction Rush For Him Hair & Body Wash 200ml ,499,291,3
 Avon Imari Seduction Skin EDP + Skin Softeners (combo set) ,1199,291,3
 Avon Life for Her Body Spray 150ml ,340,771,3
 Avon Naturals Papaya Whitening Cream 50g ,255,853,3
 Avon Naturals Red Rose & Peach Hand Cream ,229,549,3
 Awaken You Zen| Herbal Tea| Tisane| Decaf Herbal Tea| Detox Tea| Rejuvenating | Anandini Himalaya Tea ,480,249,3
" Axe Recharge Ocean Breeze Deodorant, 150ml ",184,251,3
 Ayur Deep Pure Cleansing Milk 100 ML(Pack of 3) ,150,549,3
" B&B Organics Filter Coffee Powder No Chicory Added, 250 g ",350,6,3
" B&B Organics Turmeric Powder, 250 g ",205,124,3
" B&T Refreshing Cool Bathing Bar, 75 gm [ Pack of 12] ",600,124,3
 B-URBAN Chironji Oil 100% Natural Pure Undiluted Uncut Carrier Oil 10ml ,242,649,3
 BABALAH SILICONE FACE POWDER CAKE 2 WAY WATERPROOF SPF20++ 14 g by Babalah ,8013,777,3
 BAW Aloe : Collagen Essence Facial Mask Sheet 3D Moisture Face Mask Pack Skin Care ,568,919,3
 BEGATES WOMENS FACE CARE CRÈME ,350,458,3
 BIOAYURVEDA Homme Youth Clair Anti-Marks Face Cream 20 g for Men ,599,919,3
 BSD Organics BeautY Natural Face Creams with Pure Beeswax & Orange - 200 Gram ,340,77,3
" BSD Organics CleanY Soap Nuts Shells (Reetha, Areetha, Kunkudukaialu) - 100 G ",120,144,3
 BSD Organics Purity Neem oil - 100 ml ,120,790,3
" BSD Organics Rose Petals Dried for Tea, Garnishing and More, 100 g ",299,919,3
" Babyganics Mineral-Based Sunscreen Spray, 50 Spf, 6 Oz ",5760,919,3
 Back To Basics Vanilla Plum Fortifying Conditioner 12oz ,1953,707,3
 Bamboo Cream Peel ,3627,251,3
" Banana Boat Sport Performance Lotion Sunscreens with PowerStay Technology SPF 30, 8 Ounces (3 Pack) ",5689,186,3
 Banana Republic W Eau De Parfum ,9619,291,3
" Barbie Body Mist Deo (Pink Love, 200 Ml) ",.250.00,707,3
" Bath Bomb Fizz - Mini Scoops Pomegranate - Drop One In Your Tub To Exfoliate and Moisturize Your Skin, 6 Pack ",4559,853,3
 Bath and Body Works A Thousand Wishes Shimmer Swirl Lotion 5 Oz ,5334,881,3
" Batiste Stylist Oomph My Locks XXL Volume Spray Shampoo, 200ml ",549,707,3
 Beauche Kojic Beauty Soap Bar-90Grams ,1033,458,3
" Beauty Device, for Wrinkle Reduction and Skin Firming, Portable Massage USB Hammer Skin Tighten Face Lifting Device with 3 Heads ",2023.12,578,3
 BeautyNeeds 1 pc Natural Herb Nails Repair Cream Nail Foot Protector Skin Care Cream Nail Fungus Treatment Herb Nail Care Tools ,794,458,3
 BeautyNeeds 15g Anti Fungal Nail Toenail Growth Repair Cream Treatment Protector Skin Care Nail Care Tool ,679,853,3
 BeautyNeeds 15g Nail Foot Protector Skin Care Cream Nail Fungus Onychomycosis Treatment Herb Nails Repair Fingernail Tools High Quality HOT ,938,186,3
 BeautyNeeds 24tips/lot Removable Exercise False Nail Display Stand Art White Grey Color Swatches Wholesale Training Manicure Fake Nail Tools ,598,578,3
 BeautyNeeds Demine 1Pair Silicone Moisturizing Gel Heel Socks Cracked Foot Dancing Feet Massager Foot Pain Relief Silicone Sock Pad Inserts ,1844,919,3
 BeautyNeeds Gel Spa Socks Moisturizing Whitening Exfoliating Pink Mask Ageless Beauty Foot Mask Feet Skin Care High Quality Silicone Sock ,1060,578,3
 BeautyNeeds High Quality Stainless Steel Nail Clipper Cutter Trimmer Ear Pick Grooming Kit Manicure Set Pedicure Toe Nail Art Tools Set Kits ,977,790,3
 BeautyNeeds Reusable Spa Gel Socks & Gloves Moisturizing Whitening Exfoliating Velvet Smooth Beauty Hand Silicone Socks ,1228,6,3
 Beekman 1802 Fresh Air Hair Conditioner 1.5oz Set of 7 ,3989,649,3
" Berina Hair Treatment Spa, 500gm ",660,186,3
" Bhagabat All Purpose Rasoi Rani Gravy and Masala, 50 Grams (4 Pack) & Get 50 GMS Pack Free ",180,853,3
 Bhavani Foods Premium Gangotri Khakhra - Punjabi Super Quality (Pack of 2) 200 GMS Each ,120,649,3
" Biotera Natural Origin Nurture Moisturizing Conditioner, 10.1-Ounce ",3517,707,3
" Biotherm Biovergetures Stretch Marks Prevention and Reduction Cream Gel for Women, 5.07 Ounce ",9846,458,3
" Biotique Combo Body Wash, Sunscreen and Skin Lotion ",574,186,3
" Biotrex Nutraceuticals Aroma Seacrets Avocado Essential Oil, 30ml ",400,18,3
 Black & Tan Beer Soap 4-Pack ,7269,291,3
 Black Chickpea - Chana Kala 450g ,105,186,3
 Blackhead Tweezers Blackhead&Blemish Removers Point Bend ,1067,881,3
" BodyHerbals Lavender Soap Spa Set, (Gifting Ideas for all Occasions, Birthday, Anniversary, Weddings, Christmas, Diwali) ",610,77,3
 Boericke & Tafel Hair Growth Oil -(200ml )- Set of 2 ,269,124,3
" Bogatchi Bhai Dooj Gifts Combo, 700G ",350,144,3
" Bogatchi Chocolate Coated Butterscotch Nuts/Crispy - 50G Free with Pack of 2 Unique Type Rakhi, Complete Rakhi Set for Bothers + Free Roli Chawal + Free Rakhi Special Brother Sister Story Cards Set ",339,458,3
" Bogatchi Chocolate Gift Box, Happy Diwali Chocolate, Diwali Chocolate Gifts, Diwali Chocolate Gift, Diwali Chocolate Bar, Diwali Gifts, 15 Pieces ",769,458,3
" Bogatchi Chocolates Valentine Day Gift for Wife, Photo Frame Chocolate Box, Heart Chocolates, 12 Pcs + Free V-Day Card + Free Teddy ",599,291,3
" Bogatchi Chocolates Valentines Day Gift for Girlfriend, 4 Choco Red Box + Free V-Day Card + Free Fur Heart ",249,16,3
" Bogatchi Happy Anniversary Chocolates, Travelers Choice, Dark Chocolates, Love Chocolates, Premium Chocolates, 180 G ",598,707,3
" Bogatchi Happy Anniversary Gift for Wife, Anniversary Gift Ideas, Fruit Mandiants 120 G ",399,433,3
" Bogatchi Happy Anniversary Personalized White Chocolate Photo Frame with Dried Cranberries for Boss, Wt.- 70G, Sz. - (12.5Cm X 7.8Cm) ",500,458,3
" Bogatchi Happy New Year Gift Hampers, Gift Dark Chocolate Bar + 2018 Calendar + Happy New Year Blessings Card with Goddess Durga Photo ",379,458,3
" Bogatchi Mr.PoppS Dark Chocolate Popcorn, 100% Crunchy Handcrafted Gourmet Popcorn Snacks, Best Birthday Gift for Girlfriend, 375G + Free Happy Birthday Greeting Card ",529,790,3
" Bogatchi Mr.PoppS Dark Chocolate Popcorn, 100% Crunchy Handcrafted Gourmet Popcorn Snacks, Perfect Rakhi Gift for Girl, 250G + Free Happy Rakhi Greeting Card ",439,707,3
" Bogatchi Musk Melon Delight, 18% Dark Chocolate with Richness of Musk Melon Seeds, 1 Piece, Chocolate Bar, 80G ",399,777,3
" Bogatchi New Year Hampers, 18 Pieces + 2018 Calendar + Happy New Year Blessings Card with Lord Krishna Photo ",649,186,3
" Bogatchi Personalized Diwali Chocolate Bar, 1 Pc ",279,881,3
" Bogatchi Signature 99% Dark Chocolate |3In1 (Mango, Strawberry, Almonds)| Real Cocoa Intense Dark Chocolate, 80 Gm ",897,77,3
 Borghese Equalizing Restorative - 50ml/1.7oz ,6327,536,3
 Borlind Of Germany Rose Dew Night Cream 1.69 Ounces ,7479,46,3
 Branded SLB Works New 1.5mm Titanium 1200 needles Microneedles Meso Derma Roller Acne Scar Skin S B6M6 ,2040,781,3
 Branded SLB Works New 100 x Disposable One-off Hotel Shower Bathing Clear Hair Elastic Caps Hats ATAU ,1390,881,3
 Branded SLB Works New Professional Acetone Resistant Soak Off Warm Nail Spa Bowl Manicure Tool pi M6E4 ,1390,273,3
 Branded SLB Works New Water Ice Levin Natural Herbal Hair Care Loss Growth Essence Oil Treatment Y4N1 ,1578,578,3
" Britney Spears Midnight Fantasy, 1-Ounce ",3099,251,3
" Buitoni Kosher Tomato, Garlic & Onion Pasta Sauce - 737G ",5120,291,3
" Bumble And Bumble Semisumo Hi-Shine, Lo-Hold Pomade-50ml/1.5oz ",7060,881,3
 Burts Bees Bath & Body Oil with Lemon & Vitamin E 4 oz ,1803,578,3
 Buy best gift for ganesh chaturthi - 18 Chocolate Gift Box - Unique gift for ganesh Chaturthi ,995,291,3
 BuyChoice 24K Gold Moisturizing Facial Serum Mask Anti Aging Wrinkle Whitening Skin Care ,2708,649,3
 BuyChoice Acne Scar Removal Cream Skin Repair Face Cream ,7772,919,3
 BuyChoice Eyes Skin Care Anti Wrinkle Ageless Sleep Mask Eye Patch Eye Patches Dark Circle ,1190,291,3
 BuyChoice Highly Moisturizing Face And Body Cream Natural Skin Softener ,6059,291,3
 BuyChoice Six Peptide Cream Wrinkles Removal Anti-Aging Anti Lifting Firming Whitening Face Cream ,1210,6,3
 BuyChoice Whitening Cream Serum Wrinkle Removal Freckle Melasma Acne Scar Pigmentt Melanin Cream ,4309,790,3
 Byahut Gold - Cardamom Green Tea - 200g ,475,578,3
 CARNIVAL Creation Being Trendy Loofah/body sraber ,199,919,3
" CFS Man Only Black Perfume and Caliber deodorant , Combo of 2 ",540,291,3
 CHARCOAL PRO ACTIVE FACE PACK ,769,124,3
" CHOCOCRAFT ,Best gift for Chocolate Day , 6 Chocolate Gift Box , Chocolate Day gift ideas ",595,177,3
 CHOCOCRAFT - Christmas gifts for mom - 9 Chocolate Gift Box - Christmas gifts for kids ,695,186,3
" CHOCOCRAFT - Rakhi Gift Pack for brother - 6 Chocolate Gift Box - ""I love my little brother"" Chocolates ",595,707,3
 CHOCOCRAFT - Rakhi gift items - Rakhi gift ideas - 6 Chocolate gift Box with Rakhi ,645,167,3
 CHOCOCRAFT - Rakshabandhan gift for sister - 9 Chocolate Gift Box - chocolates gifts ,695,578,3
 CHOCOCRAFT - Send rakhi gift with chocolates - Happy Rakshabandhan gift - 12 Chocolate gift Box with Rakhi ,845,96,3
 CHOCOCRAFT - Thank you chocolates for sister - 9 Chocolate Gift Box - for sister ,695,186,3
 CHOCOCRAFT - Unique thank you gift for sister - 18 Chocolate Gift Box - Rakhi chocolates ,995,853,3
" CHOCOCRAFT - rakshabandhan gifts - 9 Chocolate Gift Box - ""I love my little brother"" Chocolates ",695,291,3
" CHOCOCRAFT, Perfect holi gifts, 18 Chocolate Gift Box, chocolate for husband ",1095,458,3
" CHOCOCRAFT, Unique gift for holi, 9 Chocolate Gift Box, chocolates ",795,291,3
" CHOCOCRAFT, february 14 valentines day, 12 Chocolate Gift Box, exquisite chocolate ",795,649,3
" CHOCOCRAFT, gift for wife, 12 Chocolate Gift Box, best chocolate gift for valentine ",795,181,3
" CHOCOCRAFT, valentines day chocolates, 9 Chocolate Gift Box, chocolate for boyfriend ",695,853,3
" CHOCOCRAFT, valentines day gifts for guys, 9 Chocolate Gift Box, chocolate for husband ",695,881,3
" CHOCOCRAFT, womens day colorful gift, 12 Chocolate Gift Box, best chocolate gift ",795,853,3
" CHOCOCRAFT, womens day gift for corporate, 12 Chocolate Gift Box, chocolates gifts ",795,124,3
" CHOCOCRAFT, womens day gift for corporate, 18 Chocolate Gift Box, chocolates gift ",995,578,3
" CHOCOCRAFT, womens day gift for friends, 18 Chocolate Gift Box, chocolates gifts ",995,433,3
 CLEANMAX MULTIPURPOSE LIQUID DETERGENT 5L (WASHING MACHINE/DISH WASHING/TOILET AND FLOOR CLEANING/CAR WASHING etc) - (Pack of 4) ,3200,578,3
" CLEANWELL FOAM HAND WASH,LVNDR ABSL, 9.5 FZ ",3294,267,3
 COMBO Riffs DESERT BLUE OUD Body Spray - For Men + Riffs LA BEAUTE PERFUME DEODORANT SPRAY FOR WOMEN 200 ML ,450,919,3
" CORPORE SANO HA+ HYALURONIC ACID Age Delay facial cream-CERTIFIED ORGANIC-NO PARABENS,PEGS,SILICONES-Imported from Spain-55 ml/1.8 fl oz ",3779,707,3
 Cadbury Mini Chocolates Gift Pack with Beautiful Birthday Greeting Card and Set Wet Deo ,349,6,3
" Canus Caprina Lotion, Olive Oil, 2.5 Ounce ",3280,458,3
 Carapex Natural Body Butter Heavy Duty Hand Cream 120ml ,3877,180,3
 Caribbean Solutions Bathing Gel Island Essence Tropical Mist 8 oz ,4768,578,3
" Caribbean Solutions Faces Only SPF 20, 4 Fluid Ounce ",5035,578,3
 Carmex .25 Oz Jars Lip Balm 24 Count ,5753,919,3
" Carmex Classic Lip Balm, Lip Protectant Sunscreen Spf 15, 0.15 Oz (Pack Of 12) ",7040,2,3
 Carols Daughter Loc Butter 20433 - 226g/8oz ,4535,291,3
" Cassia Essential Oil, 100% Pure, Undiluted (100ML) ",690,578,3
 Castor Herbal Hair Oil 100ML ,3107,649,3
 Cattier Organic Hand Cream for Dry Hands 75 Ml ,3331,790,3
 Catwalk Headshot Reconstructive Intense Conditioner - 200ml/6.76oz ,7953,291,3
" Caviar Anti-Aging Clinical Densifying Leave-In Root Treatment, 4.2-Ounce ",6867,291,3
 Cavilon No Sting Barrier Film - 28 ml Spray - Pack of 3 ,2400,881,3
 Celebrations Bikanervala White n Dark Chocolate Baklava with Bhaiya Bhabhi Rakhi Loomba Set ,695,458,3
" Chamong Tulsi Green Tea, Pack of 4, Per Pack 25 Teabags, 100% Natural Organic Tea ",840,919,3
 Champs Elysees By Guerlain For Women Edt Spray 1.7 Oz ,7999,578,3
 Chandrika aroma Feel (External Use Only) ,430,186,3
" Chandrika aroma Shampoo Bar, 70 g (Pack of 9) ",1080,458,3
 ChapStick limited Ice edition Cream Classics Orange Cream Burst ,2189,790,3
" Chelsea Classical Studio Professional Artist All Natural Paint Brush Cleaner and Hand Soap, Lavender/Olive Oil ",3139,77,3
 Chestnut/Black Soy Refirming Eye Treatment ,8516,919,3
 Chocholik 16Pc Rich Creamy Chocolate Collection with Heart Pillow Valentine Day Gifts ,1399,576,3
 Chocholik Birthday Gift Box - Happy Birthday My Love May Your Day Be Special Chocolate Box - 9pc ,798,919,3
 Chocholik Diwali Gift Box - Have A Safe Diwali Chocolate Box - 12pc ,999,919,3
 Chocholik Diwali Gift Box - Wishing You A Happy and Prosperous Diwali Chocolate Box - 9pc ,798,6,3
" Chocholik Diwali Gifts - Light May The Glow of Joys Happy Diwali - Dark, White, Milk Chocolate Truffles - 9pc ",748,141,3
" Chocholik Diwali Gifts - Sparkle Up Your Life with Happiness! - Dark, White, Milk Chocolate Truffles - 20pc ",1298,707,3
 Chocholik Diwali Sweets - Diwali A Festival Full of Sweets and Fireworks Chocolate Box - 20pc ,1498,919,3
 Chocholik Diwali Sweets - May The Beauty of Diwali Fill Your Home with Happiness Chocolate Box - 12pc ,999,144,3
" Chocholik Friendship Gift - I Don۪t Have A Big Group of Friends - Dark, Milk, White Chocolate Truffles - 12pc ",898,29,3
 Chocholik Gift Box - A List of The Reasons Why I Love You Chocolate Box - 9pc ,798,578,3
 Chocholik Gift Box - Half Chocolatey and Half Nutty Chocolate Box - 12Pc ,999,881,3
 Chocholik Gift Box - Happy Birthday Dad You are My Superhero Chocolate Box - 9pc ,798,291,3
 Chocholik Gift Box - You are My First and Last Thought Chocolate Box - 9pc ,798,881,3
 Chocholik Gift Box - Your Love is All I Need Chocolate Box - 9pc ,798,881,3
" Chocholik Gift Box - to A Great Mind, Nothing is Little - 12pc ",999,291,3
 Chocholik Mothers Day Gift Box - Love You Mom Chocolate Box - 9pc ,798,186,3
" Chocholik Rakhi Gift - Blessed to Have A Brother Like You - Dark, Milk, White Chocolate Box - 9pc with Rakhi ",748,167,3
" Chocholik Rakhi Gift Box - Consider You to Be My Sister - Dark, Milk, White Chocolate Truffles - 12pc with Rakhi ",898,291,3
" Chocholik Rakhi Gift Box - Love You to The Moon and Back - Milk, Dark, White Chocolate Truffles - 9pc + Free Rakhi ",748,96,3
 Chocholik Rakshabandhan Gift Box - My Brother is One of The Precious Gift Sent to Me by God - 12pc + Free Rakhi ,1049,790,3
 Chocholik Valentines Day Gift Box - Thank You for Always Making Me Feel So Special Chocolate Box - 9pc ,798,291,3
" Chocolate Gift Box, Dark Chocolates, Premium Chocolates, 2 Free Rakhi, Luxirante, French Luxury, 12 Pieces ",1909,458,3
" Chocolate Gift Box, Dark Chocolates, Premium Chocolates, Free Rakhi, Baton Feast, French Luxury, 7 Pieces ",1389,96,3
 Christmas gifts for friends - 6 Chocolate Gift Box - Best christmas gifts ,595,707,3
 Christmas gifts for girlfriend - 18 Chocolate Gift Box - Christmas gift for girlfriend - Christmas & New year gift ,995,458,3
 Chuk De Spices Anardana Powder 100g ,108,707,3
 Ciracle Anti-Blemish Toner 105.5ml Acne Blackheads Whiteheads Pores ,3699,167,3
 Clinique Non-Streak Bronzer - - Clinique ,6479,707,3
 Coach New York Platinum Eau de Parfum and All Over Shower Gel Gift Set ,4475,919,3
" Coffee Essential Oil, 100% Pure, Undiluted (100ML) ",4899,77,3
" Colombian Brew Nutmeg Filter Coffee,Arabica Roast & Ground, 250g ",333,919,3
" Confidence Bath Loofa Soft Sponge For Men And Women, 15 Gram, Pack Of 1 (Pink) ",249,881,3
 Context Intensive Daily Moisturizer SPF 15 ,5457,707,3
 Conti Castile Olive Oil Soap 4 oz (Pack of 2) ,4189,707,3
 Cookme Coriander Powder 50g ,17,919,3
" Coppertone Kids Sunscreen Continuous Spray Spf 50 (5.5 Ounce, Pack Of 2) (Packaging May Vary) ",9280,186,3
 Creme 21 - All Day Cream Creme 21 ,399,549,3
 Critic-Aid%C2%AE Critic-Aid Skin Paste - Anorectal Skin Protectant / Barrier Paste 6 oz Tube ,3515,458,3
" Crysalis Custard Apple Essential Oil for Skin, Hair Care and Aroma Therapy - 5 ML Bottle ",207,649,3
 Cuba Sparkling Tiger By Cuba Eau De Parfum Spray 1.17 Oz ,4211,186,3
 Cucumber - 10 Sheets : The Face Shop Real Nature Mask Cucumber 10 Sheets ,2556,781,3
 D&G ONLINE 8 Pcs Elastic Eva Free Size Bathroom Shower Caps - Multi Color ,199,21,3
 DALAN Glycerine Soap with Almond Oil (100 gms X 8 pcs) from Turkey @ Rs 440. ,440,64,3
 DEZIINE Hairdressing Salon Apron Hair Cloth Waterproof Shampoo Cutting Cape Black DYE(white) ,269,77,3
 DKCC Ice Cooling Mask 82g ,9469,919,3
 DNV Fresh Natural Coriander Powder Dhaniya Masala 500g ,123,578,3
 DOVE Hair Fall Rescue Conditioner - 180ml Pack of 3 ,8029,177,3
 DR BATRA COMBO OF ANTI ACNE CREAM (30g) AND ANTI ACNE FACEWASH (100ml) (ACNE TREATMENT) ,299,853,3
 DRS Derma Roller 2.5 mm for Deep Scar & Cellulite Pack of 2 ,299,919,3
" Dadi Basmati Rice Supreme, 1000 grams ",245,578,3
" Dankeen Guest Amenities Raudah Handmade Natural Soap - Indian Spices, 30Gm, Pack of 500 ",4685,451,3
 Dark Sea Green : Rough Pumice Stone the Callus Remover (Dark Sea Green) ,1796,707,3
" Darphin Hydraskin Light Moisturizer, 1.7 Ounce ",4493.46,919,3
" DeArco Chocolatier Chocolate Gift Box, Dark Chocolates, Premium Chocolates, Rakhi with Chocolates, Choco Tendance, French Luxury, 20 Pieces ",2719,122,3
" DeArco Chocolatier Premium Luxurious Rakhi Gift Chocolate Box, Dark Chocolate Gift Hamper for Brother, 18Pcs + Free Rakhi + Free Roli Chawal ",1499,919,3
" Degree Men Dry Protection Anti-Perspirant, Cool Rush (2.7 oz., 5 pk.) ",2879,919,3
 Degree Women Anti-Perspirant Deodorant Invisible Solid Shower Clean 2.60 Oz (Pack Of 8) ,8074,458,3
" Delallo Tomato, Whole Peeled, Italian 28.0 Oz(Pack Of 2) ",3840,707,3
 Delfogo Rx 100% Pure Hyaluronic Cream by SkinPro ,5107,29,3
" Delon- Made In Canada Combo Pack of Carrot Body Lotion (591 ML) & Zone 3 in 1 Shampoo, Body & Face Wash (400 ML) with FREE 1 Loofah ",699,549,3
 Demeter 1 Oz Sugar Cookie Cologne Spray ,3912,124,3
" Denver Hamilton Deo Imperial, 165ml ",168,845,3
 Dermisa Soap Sulfur Facial 3 Ounce (88ml) (3 Pack) ,4199,919,3
 Detox Mask ,1499,919,3
 Deve Herbes Pure Cassia Essential Oil 100ml (Cinnamomum cassia)100% Natural Therapeutic Grade Steam distilled ,792,54,3
 Deve Herbes Pure Psoralea Oil 100ml (Psoralea corylifolia) 100% Natural Therapeutic Grade Cold Pressed ,880,881,3
" Dhanvanthaari Curry Leaves Powder, 100 Grams (Pack of 2) ",198,181,3
 Dial Antioxidant Vitamin Infused Body Wash 621ml With Free Kesar Almond Soap Worth RS. 42/- ,750,578,3
 Dial Gold Bath Bar Soap 4 Oz. - 3 Bars ,4312,458,3
 Dial Miracle Oil Bar Soap - Marula Oil - 3 pk ,2709,707,3
" Dionis Goat Milk Skincare - Lotion, 8.5 oz., Vanilla Bean ",3179,544,3
" Disney Pixar Finding Dory Bubbly Berry Scented Bubble Bath, 24 fl oz ",2394,845,3
 Donna Karan Cashmere Mist Hand Treatment Creme for Women... ,7034.5,707,3
" Dove Go Fresh Revive Bodywash, 190ml ",140,77,3
" Dr Glutens Gluten Free Khracker (KHAKHRA) - 200g , Pack of 5 (GOL Gappa Khakhra, Certified Gluten Free) ",279,919,3
 Dr. Hauschka Regenerating Body Cream 5 ounce ,7935,919,3
 Dr. Jart+ Label Silver Rejuvenating Beauty Balm 50ml ,3980,549,3
" Dried Apricot khurmani, 250GM ",275,790,3
 Drunk Elephant B-Hydra Intensive Hydration Gel ,7683,707,3
" Dry Fruit Hub Date Crown Fard Dates Original 500gms, New Fardh Dates, Dates Dry Fruit, Date Crown UAE Dates ",325,251,3
" Ducray Anaphase Plus Shampoo, 100ml ",601,853,3
 Durga pooja gift idea - 6 Chocolate Gift Box - Navarathri gifts ,595,458,3
 Dussehra gifts in India - 12 Chocolate Gift Box - Navratri gifts online ,795,29,3
" ECO AMENITIES Transparent Tube Flip Cap Individually Wrapped 30ml Body Lotion, 72 Tubes per Case ",5036,2,3
" ECONOMIC PACK OF BULGARIYAN ROSE ATTAR 500ML + 60PC BOTTEL OF 3ML EACH + ATTAR REFELER, 100% ALCOHOL FREE ATTAR AND BEST ATTAR FOR MEN, BEST ATTAR FOR SELLING, SUPER VALUE PACK OF ATTAR , BEST IN ARABIAN ATTAR, ATTAR FOR MEN , INDUSTRIAL ATTAR PACK ",2250,291,3
" EDT 100ml.""Work@holics Base"" for men ",1599,881,3
 EMBARK MY LIFE AND MY STORY FOR HIM (PACK OF 2) ,540,291,3
 ESCOBAR Most Wanted Men Body Lotion and De-Tan Face Scrub. ,340,29,3
 Eclair Naturals Dual Action Deodorant Unscented 1.5 oz ,1686,845,3
 Eco Aurous Rosewood Oil 100% Pure & Natural Essential Oil | Rosewood Essential Oil | Rosewood Oil Aromatherapy | Pure Rosewood Oil | Rosewood Oil For Skin | Rosewood Essential Oil For Skin | Rosewood Essential Oil For Hair 30 ml With Euro Dropper . ,440,700,3
 Ecotools Shower Cap and Storage Case 2.60 Ounce ,1140,54,3
" Ed Hardy Villain Men Eau De Toilettes, 1.0 Ounce ",2693,54,3
 Eden Sushi Ginger Pickles 2.1 Oz ,3840,186,3
 Ekan Multipurpose Use Fruit Soft Foam Rub Sponge 2 pcs Pack of 1 ,249,141,3
 Electric Vacuum Pore Cleaner Blackhead Acne Removal Extractor Black Spot Face ,4388,692,3
 Ellen Tracy Bronze For Womenby Ellen Tracy - Edp Spray 1 Oz ,3279,291,3
" Ellie Organic Fairness Gold Face Wash-100% Herbal Natural Nourishment, 100ml (Pack of 4) ",624,77,3
" Emami Fair and Handsome Winter Cream, 30g ",79,75,3
 Eminence Bearberry Eye Repair Cream 6x 2ml samples (samples) ,4703,291,3
 Energer hair Gel-100g ,275,54,3
 English Tea Shop - English Breakfast - 15 Pyramid Infusers In Tube - 45G ,3520,96,3
" Envy Mens Perfume, 60 ml ",175,695,3
 Eos Organic Lip Balm Stick - Vanilla Bean - 2 Pk ,2560,291,3
" Escential Non Woven Strips, 0.3 Ounce ",2058,186,3
" Eternal Bliss Combo of 4 In 1 Essential oil & Carrier Oil(Helichrysum(15ml), Patchouli(15 ml), Neroli(15 ml), Castor(30 ml) Ideal For Skin Moisturizer, Reduce Acne Scars, Reduce Hair Problems ",850,919,3
 Etude House Sunprise Must Daily SPF50+/PA+++ ,1300,549,3
 Eva Deodorants 125ml Groove Combo of 3 ,354,291,3
 Evergreen Farms Premium Whole Cashews 100gm ,90,26,3
" Evolina Anti Hair Fall Shampoo For Men & Women, 200ml ",229,291,3
 Exotix Fragrance Chandan and Black Rose Attar combo pack of 25ml Each Long Lasting Perfume ,888,291,3
" Eye Cream with Hyaluronic Acid, Anti Aging Moisturizer and Wrinkle Creams for Fine Lines & Wrinkles Around Eyes, Best Eye Gel Treatment for Under Eye Dark Circles and Bags, Skin Care from Stellar Skin ",5240,707,3
 EyeRevive Eye Cream- 1 fl oz ,5814,291,3
 Facial Care Tools Ultrasonic Face Cleansing Brush Silicone Device Massage Skin ,4470,291,3
" Facial beauty machine magnetic therapy + ion therapy skin rejuvenation essence imported machine, ion import essence rejuvenation massage wrinkle firming lifting firming beauty instrument（2 color）(white) ",728.98,458,3
" Faith In Nature Conditioner, Mint 400 ml ",5992,291,3
 Farm Naturelle (Farm Natural Produce) Cinnamon Infused Raw Natural Forest Honey and Big Delicious Almonds (Badaam) -250g Health Gift Item Pack ,325,46,3
" Farm Naturelle Organic Virgin Cold Pressed Kachi Ghani Mustard Oil, 915ml ",301,790,3
 Farmhouse Fresh Pink Moon Shea Butter - 237ml/8oz ,6794,291,3
 Farmona Perfect Beauty Very Mature Skin 60 Moisturizing Day Cream ,2471,186,3
 Fashlady blonde: servich 100g hair building fibers refill bag+ 25g empty bottle + applicator hair thickener fuller hair loss treatment 10 colours ,8706,578,3
 Father day gift ideas from daughter - 9 Chocolate Gift Box - Gifting ideas for father ,695,919,3
 Father day gifts - 6 Chocolate Gift Box - Ideas for fathers day ,595,707,3
 Fathers day gifts from daughter - 9 Chocolate Gift Box - Happy fathers day gifts ,695,433,3
 Finally Nature Diabet X Skin Therapy 4.2 Oz Tube Controls... ,2157,458,3
 Finesse Volumizing Conditioner 13 oz. (Pack of 6) ,8187,578,3
 Fire Chicken (Buldak) 140g*5packs ,444,781,3
 Floher LAVENDER Massage Oil: 120 ML ,350,790,3
" Foaming Body Scrub- Exfoliate, Cleanse Soften Moisturize. ",3920,291,3
" Food Library The Magic of Nature Combo of Nespresso Arpeggio Coffee Capsules, 40 pods and Free Sugar, 25 sachets ",2699,790,3
 Food Studio Premium Quality in Shell Pistachios Pack of 2 (200gm Each) ,660,919,3
" Footlogix Shoe Deodorant Spray, 125ml ",1675,77,3
" Frackkon ANKLE Silicone Gel Moisturising Heel Pad Socks Swelling Pain Relief Gel Socks for Dry Hard Cracked Heel Repair Pad,Cushion Support Foot Care Anti-Crack Protection for Men and Women Free Size ",389,144,3
" Fresh Lotus Youth Preserve Eye Cream, 15ml/0.5oz ",8599,186,3
" Fressco Natures Garden Green Chilli Sauce, Red Chilli Sauce & White Vinegar (Combo of 3) ",150,62,3
" Frontier Oregano Leaf, 16-Ounces ",6080,186,3
" Funfoods Peanut Butter Crunchy, 340g ",159,291,3
" GLV Liquid Dishwash Lemon Yellow, 250ml (Pack Of 12) ",381,707,3
" GSEVENTY0NE Fluorescent green, M, China: FancyTeck 11 Colors Waist Trainer Women Slimming Belly Girdles Body Shaper Waist Corset Postpartum Belt Miss Belt ",5307,433,3
 GSEVENTY0NE Khaki XL: Maternity Waist Trainer Corset Slimming Body Shapers Hot Modeling Strap Belt Bodysuit Shapewear Cincher for Postpartum Women ,3937,291,3
" GSEVENTY0NE Rose, XL, China: FancyTeck 11 Colors Waist Trainer Women Slimming Belly Girdles Body Shaper Waist Corset Postpartum Belt Miss Belt ",5661,549,3
 Gaia & Garden Raw Cashews 800g (Pack of 4 - Each 200g) ,1190,273,3
 Gaia & Garden Red Chilli Peanuts Pack of 3 (230g Each) ,249,706,3
" Gaia Diet Muesli, 400g ",220,291,3
 Gamarde Argan Serum 30 ml ,4160,549,3
 Gardens of Aroma - Cedarwood Essential Oil 10ml. Macadamia Nut Carrier Oil 10ml ,748,578,3
 Gardens of Aroma - Malkangani Essential Oil 10ml. Jasmine Essential Oil 10ml ,698,578,3
 Gardens of Aroma - Rosehip Carrier Oil 200ml. Kalonji Essential Oil 10ml ,2548,2,3
 Gardens of Aroma - Strawberry Oil Essential Oil 10ml. Chamomile Essential Oil 10ml ,2198,291,3
" Garnier Men Acno Fight Anti-Pimple Facewash, 100gm ",144,853,3
" GaxQuly Silicone Gel Heel Pad Socks For Heel Swelling Pain Relief, Heel Socks For Pain Relief - 1 Pair ",219,64,3
" GaxQuly Silicone Gel Heel Socks for Swelling, Pain Relief, Foot Care Ankle Support Pad (Skin Colour) - Set of 1 Pair ",189,919,3
 Gefen Roasted and Peeled Whole Chestnuts (5.2 Oz) Pack of 3 ,2708,919,3
" Geggur Rainbow Cloud Bath Bombs,Float On Water&Release Vivid Rainbow Color Moisturizing Skin Care Natural Bath Fizzy Bath Salt Handmade Gift for Women,Mom,Girls,Kids ",469,144,3
 Gel Moisturizing Spa Gloves and Socks Heel Socks for Dry Hands and Feet - Fast Cracked Heel Repair and Simple Foot Skin Care with Gel Foot Sleeves for Women and Men Blue ,999,919,3
 Generic 1 Pc Fruit Vegetable Hand Cream Cute Cucumber/Carrot/Lemon Moisturizing Anti Aging Whitening Anti-Chapping Hands Care 100G ,3964,853,3
 Generic 1 Pc brand snail eye cream remove dark circle eye lifting instant ageless snail cream for eye care anti wrinkle eyes cream 20g ,1042,77,3
 Generic 36 colors : 12/24/36 Solid Pure Color Mix Nail Art UV Builder Gel Set For Acrylic False Tips Manicure Beauty Vernis gel uv ,5681,578,3
 Generic 4pcs/set Glitter Acrylic Rhinestones Decoration With Nail Art UV Gel Nail Tips Glue Fast Drying False Manicure Glue ,964,96,3
 Generic 500Pcs/Pack Microbrush Disposable Makeup Brushes Swab Eyelash Extension Tools Individual Lash Removing Tools Lint - 01 ,3549,919,3
 Generic 8000Rpm Micro Vibration Massage Comb Electric Head Massager ,1651,649,3
 Generic Alcohol Free Desire Perfume Attar (60ml) Pack Of 2 ,600,273,3
 Generic Anti Snoring Snore Stopper Sleep Apnea Solution Lips Plasters Soft Space Cotton ,1399,781,3
 Generic BAIMISS Plants Series Nourish Head Cream Skin Care Whitening Cream Moisturizing Anti Chapping Anti Aging Beauty Essential ,4556,845,3
 Generic Blue Diamond Hybrid Diy Uv Gel Nail Art Polish Long-Lasting Soak Off Led Manicure Tools ,1609,649,3
 Generic Far infrared electric meridian energy meterexquisite beauty guasha moxa steam massage moxibustion pushed back massager 110V EK Plug ,8300,291,3
 Generic Gold: 24k Gold Slimming Face Vibration Roller Tshape Facial Beauty Roller Massager Stick Lift Skin Tightening Wrinkle Bar Face care ,2689,77,3
 Generic Jovees Lip BAlm LAvender Lip Care Moisture & Brings Shine ,95,578,3
 Generic LANBENA Blackhead Remover Acne Skin Care Nose Mask+Chin Forehead Black Head Mask Treatment Pore Strip Black Mask Peeling 20PCS ,2894,549,3
 Generic Larg1Pair Soft Silicone Gel Honeycomb Massaging Insoles Man Woman Shoe Pad Inserts Insole Arch Support Soft Cushion Foot Care ,1311,291,3
 Generic Lcd Display Laser Mole Removal Tool Spot Remover Freckle Wart Tag Tattoo Remaval Machine Skin Care Beauty Tool For Salon Home Color -Silver ,7037,285,3
 Generic Moisturizing Face Cream Skin Care Whitening Ageless Acne Treatment Anti Winkles Lift Firming Beauty ,2532,707,3
 Generic N04 Red1: 5000pcs 3mm Pretty fashion 14 Facets Resin Rhinestone Flatback Acrylic Gems Crystal ,1619,578,3
 Generic New Imported1 Pair Pink SPA Gel Moisturizing Foot Socks Skin Whitening ,199,919,3
 Generic OMY LADY HANCHAN Natural JAYJUN Cherry Blossom Facial Mask Whitening Moisturizing Anti-Aging Anti-Wrinkle Mask face massage gel ,1035,162,3
" Generic Organic Fermented Tea Puerh Spring Tea-leaf, Capacity: 250g ",3458.25,578,3
 Generic Osmanthus: Rose Flower Petals Face Mask Whitening Moisturizing Osmanthus Nourish the Moist Skin Care Compact and Soft Sleeping Mask ,1980,578,3
 Generic Retractable Makeup Brushes Powder Foundation Blush Face Brush Maquiagem Make up Cosmetic Tools color - cool black ,636,273,3
" Generic Slimming Weight Loss Waist Trainer Body Shaper Corset Tummy Cincher Shape Wear, Size: Xl : 65Cm(W)* 25Cm(L) ",1609,291,3
 Generic Tr90 Eyekepper Readers Uv Glare Computer Reading Glasses Anti Harmful Blue Rays ,4656,649,3
 Generic White Have Gift Box: Ultrasonic Shovel Vibration Face Pore Cleaner Exfoliator Scrubber Peeling Pore Deeply Removal Facial Skin Acne Massager Device ,8305,578,3
" Generic White, L : Yel 2 pcs Top Basketball Bracer Bar Lengthen Armguards Sunscreen Sports Protective Forearm Elbow Pad Sleeve Arm Warmers ",1073,165,3
 Generic Whitening Brightening 4Pcs Silk Protein Mask And Moisturizing Oil Soothing Face Mask ,3355,29,3
 Generic Youthful Vigor Hyaluronic Acid Essence Skin Care Moisturizing Whitening Rejuvenation Acnetreatment Face Care Cream Serum 30Ml ,5012,458,3
 Generic Zonale Gold Aquagel Collagen Eye Mask Ageless Sleep Mask Eye Patches Dark Circles Face Care Mask To Face Skin Care Whitening ,3636,186,3
 Generic white: 1 Set Professional Electric Blackhead Remover JB-8620 Facial Pore Cleanser EU Plug Vacuum Cleaning Instrument Face Skin Care ,6049,881,3
 Generic white: Gustala Portable 5V Electric Facial Cleaner Blackhead Acne Removal Instrument Face Beauty Machine With 4 Cleanser Suction Heads ,3530,291,3
 Genovãƒâ© Pilopeptan Woman Nail Repair Gel 10Ml - Nourishes And Strengthen Nails - Nail Repair Treatment - Nail Hydration ,5149,291,3
 Genuine 1 Pc Tungsten Carbide Nail Drill Bit Silver Gold Multi-Size Manicure Nail Art Tool Nail Drill Accessories Gold Type C ,946.15,853,3
 Genuine 100 Pcs Flower Oval Square Shape Adhesive Nail Form For Uv Gel Nail Tips Extension Manicure Nail Art Tool Accessory 2 ,667,186,3
 Genuine 1Pc Flamingo Nail Art Mat Linen Flax Cactus Nail Pad For Led Nails Lamp Professional Nail Art Tools Table Pad Manicure Display 23 ,574,291,3
 Genuine Maohang 1Pcs Fine Professional Supply Ceramic Material Nail Drill Bits Tools For Nail Manicure Pedicure Granding Machine ,877.55,700,3
 Ghasitaram Gifts Walnut Chocolate Fudge ,449,291,3
 Gift for 15th August - 12 Chocolate Gift Box - Patriotic gift ,795,433,3
 Gift for rakhi - 6 Chocolate Gift Box - Rakhi with Unique Gift with Rakhi ,595,881,3
 Gift kerala - 9 Chocolate Gift Box - Send gift to kerala ,695,291,3
 Ginger Grapefruit: Vapour Organic Beauty Aer Next Level Deodorant (Ginger Grapefruit) ,4959,291,3
 Glan Hair Bonding tape/Hair Patch System/Hair Attachment Tape For Wig (Red Small (Set Of 2)) ,645,64,3
" Globatic Herbs COFFEE Essential Oil 15ml (Coffea Arabica) Organic, Undiluted, Aromatherapy & 100% Therapeutic Grade ",1299,186,3
" Glowing Buzz Marigold Aloe Face Wash, 60 ml (Pack of 3) ",399,695,3
 Gold Cleansing Lotion 100 ml ,129,919,3
 Gos Herbal Facial Powder 100gm (pack of 3) ,477,707,3
" Grace Cole Orchid, Amber & Incense Hand Wash ",8203,578,3
 Gracellon Mix Fruit Scrub (500 Gram) ,280,445,3
 Grandpas Grandpa s Epsom Salt & Baking Soda Soap 3.25 Ounces (Pack of 4) ,3851,458,3
 Great Barrier Manuka Sugar Scrub ,7289,291,3
" Green Leaf Aloe Face Wash Gel - 120 gm, Green Leaf Anti Dandruff Gel - 120 gm, Green Leaf Aloe Cucumber Gel - 120 gm (Combo OFFer Pack) ",330,2,3
 Greenwood Essential Pure Hazelnut Oil (Corylus avellana) 100% Natural Therapeutic Grade Cold Pressed 200ml ,1449,790,3
" Greenwood Essential Pure Triphla Powder, Emblica Officinalis + Terminalia Belerica + Terminalia Chebula, 200 g ",410,578,3
" Greenwood Essential Pure Turmeric Essential Oil, Curcuma Longa, 15 ml ",207,549,3
" HAPAD 3/4 Length Heel Wedges, Large, 3x9/16 inch, pair ",4099,881,3
 HASIRU Vetiver/Lavancha Bath Scrubber - For a Soothing Bathing Experience with Medicinal Properties - 100% Natural ,142,291,3
 HC 3Pcs Natural Crystal Body Antiperspirant Deodorant Alum Stick Underarm Removal ,1550,291,3
" HNS NatureS Essence Facewash, Papaya, 65ml (Pack of 2) ",198,446,3
 HUMCO Green Soap Tincture 16 OZ (2 PACK) ,6971,649,3
 HaRvic Silicone Gel Heel Pad Socks for Pain Relief for Men and Women (Free Size) ,249,549,3
 HaRvic Waterproof Facial and Body Cleansing Spin Spa Facial Cleansing Brush with Long-Handle Multi Color ,749,790,3
 Hair Gia Hair Loss Rejuvenator Conditioner - 10.1 Oz ,9117,771,3
 Halter Blackcurrant Sugar Free Bonbons (40G) - Pack Of 2 ,3200,649,3
 Hansel 1Pc Moisturizing Face Mask Fruit Essence Facial Mask(4) ,989,919,3
 Hansel 20Ml Face Nano Mist Spray Moisturizing Handy Atomization Sprayer(Pink) ,2667,549,3
 Hansel 3D Dog Cat Eyeshade Cold Cooling Gel Ice Eye Care Mask Padded Shade Cover (colour: D) ,1207,144,3
 Hansel Drop Ship Facial Cleanser Brush Bamboo Massage Brush ,1065,291,3
 Hansel Electric Blackhead Inhaler Removal Vacuum Pore Cleaner(Red) ,4966,707,3
 Hanvi PURITO Centella Green Level All In One Mild Pad 70pcs Face Cleansing Mask Makeup Residue Blackhead Acne Remove Facial Care Pad ,2800,790,3
 Happy Heart 1.6 fl. oz. Eau De Perfume Spray Women ,7799,578,3
 Happy Herbal Care Elathaali Soap 5 Nos + Red Sandal Soap 5 Nos + Ungu Soap 5 Nos Handmade Soaps 75g (Pay for 15 Get Discount Rs.50.00) Combo Offer (Jumbo Saver Pack) ,600,536,3
 Harmony Gelish Uv Soak Off Gel Polish -Water Field (0.5 Oz) ,2165,451,3
 Harveys Crunchy & Creame Gourmet Delicacies Cream Wafer Biscuit 110 g Pouch Pack - Chocolate Flavoured (Pack of 6) ,570,790,3
" Hask Placenta Instant Hair Repair Treatment For Bleached, Tinted, Damaged Hair (5 Fl. Oz/ 145 Ml) ",2880,578,3
 Hawaii Snacks Marukawa Tattoo Fusen Strawberry Flavored Bubble Gums (60 Pieces) -8.89 Oz ,400,919,3
 Hawaiian Tropic Sheer Touch SPF#50 Lotion 10.8 oz. Bonus ,7358,96,3
 Health&Glow Premium Face Tissue 2 Ply/100 Pulls ,80,167,3
 Healthy Khurak Plain Natural flax seed (alsi) 180 Gram ,100,919,3
 HealthyNeeds YuanXiangZhu Mens and Womens Universal Sole Flat Foot ,549,291,3
 Heinz Piccalilli Pickle 275G ,2880,96,3
" Hersheys Sugar Free Chocolates, 85g ",498,29,3
 Hesh Aritha Powder 100 g (3.5 Oz) by Hesh ,1417,291,3
 HimPrincy Shower Caps Reusable Printed for Men and Women (Random Colour) - Pack of 1 ,79,853,3
" Himalaya Herbals Purifying Neem Face Wash, 150ml, (Pack of two). ",270,144,3
 Himalaya Intensive Face Moisturizing & Nourishing Lotion With Refreshing Cleansing Milk- Pack of 3 ,280,63,3
 Himalayas MEN Power Glow Licorice Face Wash (2X100ml) By Siddhi Enterprises ,275,167,3
" Hollywood Beauty Carrot Oil, 2 Ounce ",1519,96,3
 Holy Land Gifts 127021 Anointing Oil Flask Yeshua The Anointed Psalm 45 7 by Holy Land Gifts ,3949,790,3
 Homely 1pcs Quartz Nail Electric Manicure Drill Bits Nail Polishing Head Cutters Set Pink White Pedicure Milling Cutter Files Nail Art : 15 ,568,291,3
 Homely 1pcs White Colors Ceramic Stone Nail Drill Bits Nail Art Tools Electric Manicure Machine Accessories Cutter Nail Files : 02 ,588,18,3
 Homely 24 Count Beige Artificial Nails Classical Almond Shape French Nail Sweet Smile Line with Adhesive Glue Sticker : Z874 ,989,291,3
 Homely Ceramic Mill Cutter For Manicure Machine accessories Nail Art Tools Electric Manicure Cutter Nail Files : 13(F) ,1466,186,3
 Homely Ceramic Nozzle Nail Art Drill Bit Mill Cutter For Nail Electric Drill Manicure Machine Device Accessory Remove Acrylic polish : A ,1317,649,3
 Homely Corrective Panties Slimming Underwear Shapers Modeling Strap Waist Trainer Slimming Shorts Shapewear Lace Bodysuit: Purpl ,1870,96,3
 Homely Electirc Apparatus for Manicure Nail Drills Cuticle Gel Remover Pedicure Machine Grinding Cutters Milling Drill Bits Set Nail : black EU ,3580,77,3
 Homely Electric Apparatus for Manicure Cuticle Gel Remover Milling Drill Bits Sanding Bands Pedicure Machine Polishing Cutter Nail Art : green 180 EU ,4574,881,3
 Homely Electric Apparatus for Manicure Cuticle Milling Cutters Nail Drill Bits Set Gel Varnish Remover Tools Nail Art Polish Machine : black US ,4950,29,3
" Homely Electric Manicure Drill Nail Cutter 3/32"" Tungsten Carbide Nail Drill Bit Manicure Pedicure Tool Electric Nail Drill Accessories : Tungsten Drill D2 ",700,291,3
 Homely Shinning Surface Candy Press On Nails Coffee Brown Medium Square Coffin Nail Women Artificial Faux Ongles Makeup 717B : 711B ,743,853,3
 Homely Summer Breathable Waist Trainer Croset With Steel Bone Shapewear Body Shaper Waist Cincher Slimming Belt Underwear For E ,3974,458,3
 Homely Waist Trainer Slimming Belt For Weight Loss Reduction Belts Waist Shaper Pulling Underwear For Women Adelgazar Slim Down ,3274,251,3
 Homely Zation Professional Nudes Color Gel Varnish UV Led Soak Off Gel Lacquer Long Lasting Glitter Manicure Design Gel Nail Polish : 10 ,614,144,3
 Homely Zation Semi Permanent Long Lasting Pure Color Nai LArt Lacquer Soak-Off Lucky UV Gel Varnish Gel Nail Polish UV LED : 07 ,556,186,3
" Honey Badger Mustard Honey Super bee Pure Honey Organic Natural Honey Pure Original Honey Pure Honey 500 GMS (Sunflower Honey, Size-500 GMS) ",300,124,3
 Hot wholesale 6pcs/lot Skin Care SIMENGDI Phyto-Silver Balancing Day Cream/Bio gold pearl cream night cream W5K6 ,8984,6,3
 Hudson Made - Organic Scullery Soap ,7140,549,3
" Huini Peel Off Anti-wrinkle Nourish Supply Nutrients Mask Powder (Dry to Normal Skin), 35.2oz ",3591,96,3
" Human Nature Body Scrub (6.7 oz., Coffee) ",5337,845,3
 Humas Herbals Home Made Natural Face Pack - Manjishta + Neem + Mint (30gms each) ,506,707,3
 Hydra Repulp Rehydrating & Revitalising Hyaluronic Grape Flower Essence (Salon Size) 25ml ,7647,790,3
 I Thank U Gift - 12 Chocolate Gift Box - Thank U Signs Gift ,795,707,3
" IHA Purifying Cleansing Milk with Olive, Grape and Green Tea, 100 ml ",160,29,3
" IOPE UV Shield Sun Protector (spf 50, pa+++)_60ml ",6471,790,3
 IVONA NUTRI DEFINE RETEXTURING ANTI AGEING CREAM ,430,790,3
 Ideas for congratulations gifts - 18 Chocolate Gift Box - Congrats gift ideas ,995,790,3
 Igxia herbs Coco Butter Body Lotion ,120,267,3
" Iko Digestive Biscuits Original, 400g ",249,291,3
 Indra Sugandh Pure And Natural Attar Pushpraj Fresh Flowers Fragrance Attar For Men And Women 24 Hours Long Lasting Fragrance ,199,458,3
" Innisfree Black Green-Tea Serum 50ml "" 2016 New Product "" ",4091,458,3
 Ionule MSM Handmade All Natural Skin Whitening Soap (90 gm) ,170,919,3
" Italia V 19.69 Urbane, Electrique Perfume For Men (150ml+150ml) (Combo Pack) ",606,186,3
" J-Pure Pav Bhaji Masala, 100 Grams ",99,291,3
 JRC Mango Panna - 680 ml ,233,186,3
" Jacques Bogart Jac-8106 For Men (Eau De Toilette, 100 ML) ",5159,186,3
 Jai Jinendra Spices & Masale Asafoetida (Hing ) VIP Quality Whole for Namkeen and Pappad and All Food Items Use - 100 gm ,299,649,3
 Jain DLS Garlic Chutney Marwadi Tadka Pickle (Marwadi Tadka Achaar) 200g ,58,790,3
 Jains Set of 2 Perfume : Al Habib (25 ml) and Cool Blue (30 ml) ,625,124,3
" Japaa Peppermint Essential Oil - 100% Pure & Natural, 10 ml ",298,578,3
 Java Portable Face Lift Massage Roller Flower Shape Elastic Anti Wrinkle massager ,399,144,3
 Jenna Spiral Wink Eye Cartoon Face Sleeping Eye Mask (Pack of 2) … ,399,649,3
" Jergens Cherry-Almond Moisturizer, Original Scent, 21 oz ",899,167,3
 Joico K-Pak Intense Hydrator (33 oz) ,5691,96,3
" Joico K-Pak Reconstruct Conditioner, 10.1-Ounce ",6400,919,3
 JonDe Anti Acne Cream with Chinese herbal Extract Ance Acne treatment pimples comedones acne scars oily skin ,1990,919,3
" Just Organik Arhar Dal 1kg, 100% Organic ",195,845,3
 K K Super Detergent Powder (20KG-1KGX20) ,1000,458,3
" KALOPSIA INDUSTRIES Waterproof Elastic Reusable Eva Free-Size Bathroom Shower Caps For Homes, Spas, Salons, Hair Treatment, Beauty Parlors SET oF 1 ",389,167,3
 KAZIMA Attar Full Arabian Perfume For Unisex - Pure Natural Undiluted (Non-Alcoholic) (10ml) ,289,649,3
" KHADI MEGHDOOT Herbal Neem Aloevera Face Wash, 210 ml (Pack Of 3) ",699,291,3
 KHADI ROSE LOOFAH SOAP ,120,64,3
" KITCHENNZ Black, XXL: 2016 Hot Sale High Elastic Waist Support Body Shaper Neoprene Waist Support Trainer Slimming Control Belt Lumber Support S-2XL ",5924,919,3
" KOREAN COSMETICS, AmorePacific_ Primera, Facial Mild Peeling 150ml (day / night, cleansing, exfoliating, clear skin)[001KR] ",3931,144,3
" KS Kamamsutra Deo Combo of Dare & Urge, Long lasting & Refreshing (Pack of 2) 150 ml each ",263.36,458,3
 Kabello Face Makeup Remover Cleansing Tissues For Girls Home And Saloon Use 20 Grams Pack Of 1 ,299,433,3
 Kai Body Polish- 237ml/8oz ,8594,273,3
" KamaSutra Deodorant Body Spray For Men, 150 ml Each - (Spark-Storm-Urge) Pack of 3 ",479,919,3
 KamaSutra One XX (120ml) and One (150ml) Deodorant Body Spray (XX-Spark) (Pack of 2) ,333,853,3
 Kamdaar Dry Fruits Garam Masala Weight 160 Grams Baby Lemon Weight 250 Grams ,539,29,3
 Kamdaar Dry Fruits Kiwi New Special Weight 250 Grams Pista Irani Weight 250 Grams ,685,273,3
 Kamdaar Dry Fruits Papaya Stick Weight 250 Grams Munakka Weight 250 Grams ,600,853,3
 Kamdaar Dry Fruits Roseberry Plum Weight 250 Grams Badam Sanora (Almond Sanora) Weight 250 Grams ,690,64,3
 Kamdaar Dry Fruits Roseberry Plum Weight 250 Grams Cashew Nuts 2 Pcs (Kaju) Weight 250 Grams ,660,578,3
 Kamdaar Dry Fruits Roseberry Plum Weight 250 Grams Pineapple Ring Weight 250 Grams ,650,186,3
 Kara Hydration And Oil Control Aloe Vera Face Mask (Pack Of 50) ,3246,122,3
 Kara Hydration And Oil Control Aloe Vera Face Mask (pack Of 100) ,7902,458,3
 Karvachauth gifts online - 12 Chocolate Gift Box - Gifts for karvachauth ,795,790,3
 Kedus Calgon 4 Piece Lavender Vanilla Bath Gift Set ,7216,186,3
 Kedus Okenys Aichun Beauty Armpit Body Underarm Cream Legs Knees Private Parts Whitening ,930,186,3
" Keomi+Skincare Handmade Soap, Organic, All Natural Luxury - 1 Full Size Bar (Green Tea Goddess) ",3009,251,3
 Kerala Ayurveda Kesini Oil Pack of 6 ,1279,578,3
" Ketotosc Antifungal Bathing Bar, Helps Wash Away Body Odor, With Mint, Moisturizer & Eucalyptus Oil 75g (Pack Of 6) ",599,267,3
" Khadi Herbal Homemade Pure Aloevera Soap with Essential Oils, Set of 4 ",221,649,3
 Khadi Herbal Pure Neem Oil for all Types of Skin & Hair Care - 200 ml ,193,707,3
" Khadi Herbal Sandalwood Face Pack, 180 gm (Pack of 2) ",349,27,3
 Khadi Lemon Body Wash - 180 ML ,104,646,3
 Khadi Morning Miracle Soap - 125g ,70,291,3
" Khadi Natural Assorted Soap Gift Set (Sandalwood, Pure Mint and Aloevera) pack of 3 (With free Hindi Tulsi Booklet)KP02 ",189,549,3
" Khadi Natural Neem, Basil & Mint Face Mask (Anti Acne) 50 gm (Set of 3) ",435,18,3
" Khadi Natural Pure Neem Soap, 125g (Pack of 3) ",185,179,3
 Khadi Parvati Aloevera With Hiar Conditioner Shampoo 210ml (Pack of 2) ,180,291,3
 Khadi Pure Herbal Aloevera Body Wash SLS-Paraben Free - 210ml (Set of 2) ,355,881,3
 Khadi Pure Herbal Basil Essential Oil - 15ml ,350,649,3
 Khadi Pure Herbal Sandalwood & Honey Face Wash - 210ml (Set of 4) ,538,919,3
 Khadi Rishikesh Herbal Mint Body Soap Combo Set Pack Of - 125g X 6 (750gm) ,450,96,3
 Khadi Rishikesh Herbal SaffronAlmond Body Soap Combo Set Pack Of - 125g X 5 (625gm) ,479,186,3
 Khadi Sandalwood & Honey Body Wash 200 ml Pack of 2 ,374,251,3
 Khadi Shivalik Haldi Chandan Soap 625gm (Pack of 5) ,370,790,3
" Khadi india premium neem face wash for Oil, Acne & Pimples Free Skin pack of 2×210 ml. ",373,433,3
 Khadlaj Azaari Alcohol-free Arabic Perfume Oil Fragrance for Men and Women ,3920,291,3
" Killer Supremacy, Domination and Conquer Deodrant for Men, 150 ML (Pack of 3) ",564.9,707,3
 Kinsfolk Pure Olive Oil ((Imported Oil from Spain)) - 1 LTR (( Pack of 2 )) ,821,181,3
" Kiss Jewel Accents 66693 (Ljs01) Treasure Trove, 1.6 Ounce ",2019,451,3
 Koova Pure Arrowroot Powder Blue (100 gram Pack of 3) ,430,144,3
 Koova Pure Arrowroot Powder Indigenous (100 gram Pack of 2) ,286,919,3
 Krins Set of 3Pc Premium Quality Reusable Printed Shower Cap with Elastic Band for Home Use/Salons/Spa/Hair Treatment/Beauty Parlours for Both Men and Women Bathing Accessory-Multi Color ,199,186,3
 Kronokare - Age Prevention - Face Serum - 55 ml ,498,919,3
 Ks Essentials 100% Pure Corn oil (Zea mays) Natural Therapeutic Grade 1000ml ,999,707,3
 LEADERS INSOLUTION VITAL CELL SKIN SEED MASK ,559,291,3
" LKITZZ heise, XXL: Slimming Underwear Bodysuits Slim Body Shaper Wear Hot Shapers Waist Trainer Corset modeling strap Slimming Belt Shapewear women ",3862,144,3
 LOccitane Rose Hand Cream 30ml ,750,291,3
" LOreal Paris Go360 Anti Brkout Facial Cleanser, 178ml ",3431.44,649,3
" Label.M Colour Stay Conditioner Unisex Conditioner by Toni & Guy, 10 Ounce by Toni & Guy ",4818,536,3
 Label.m Label.M COOL BLONDE CONDITIONER 6.76 OZ ,5059,186,3
 Lavera Organic Coconut & Vanilla Exotic Body Wash - 200ml/6.6oz ,3629,291,3
 Lee posh Lactic Acid 60% Anti ageing Pigmentation Removing Glow Peel ,799,881,3
" Leeve Dry Fruits Cashew Drum Roast, 400g ",858,458,3
" Leeve Dry Fruits Green Pumpkin Seeds, 400g ",918,919,3
" Leeve Dry Fruits Till Chikki, 400g ",299,458,3
" Libby Vienna Sausage, Chicken, 4.6 Ounce (Pack Of 24) ",8640,6,3
 Licorice In 1 Kilo /2.2Lbs - Venco Coin Licorice - Muntendrop Liquorice ,9280,790,3
 Lindt Lindor Extra Dark Chocolate Truffles Box 200 g ,663,649,3
 Linha Ekos Natura - Sabonete Liquido para Maos Maracuja 250 ML - (Natura Ekos Collection - Passion Fruit Liquid Hand Soap 8.45 Fl Oz) ,7958,544,3
 Livewell Ororex Herbal Pain Oil by Livewell ,288,703,3
" Living Proof Full Conditioner, Unisex, 8 Ounce ",3263,458,3
 Liz Professional Hair Building Fiber Hair Loss Treatment For Men and Women Dark Brown / Marron Fonce ,5298,64,3
" Lust in the Dust Solid Lotion Hand Balm: Its an adventure-ready tribute to Joshua Tree, California, ready to go with you on your next hiking trip (or wherever) ",5206,267,3
 Luster Vintage Green Tea Face & Body Cream Scrub (Paraben & Sulfate Free)-400g ,250,881,3
" Lux International Creamy White Soap, 125g (Pack of 3) ",149,167,3
" Lux Magical Spell Body Wash, 235 ml ",94.05,162,3
 M7 Oud Attar By Swiss Arabian - 250ml Kivalo Ⓡ ,3999,291,3
" MEGLOW BB+ CREAM With SPF 15 for Women, 30g ",119,919,3
 MERMAID STRAWBERRY SCRUB SKIN SHINING ,250,458,3
 MOSHTU 7 in 1 Nail Art Tip Electric Manicure Toenail Drill File Tool Nail Grinder Polisher Set ,249,124,3
 MUKESH FLOOR MILL Bajra Whole Grain Pearl Millet (500 g) ,98,124,3
 MYSTIQUE HILLS Organic Kalonji Powder 100 g (Black Cumin) PREMIUM QUALITY ,349,646,3
 Madni 25ml Blue Intense Extrait de Parfum | Attar | Ittar | Perfume ,1145,251,3
" Majik Hair Building Fiber For Girls And Women, 36 Grams, Grey, Pack Of 1 ",899,707,3
 Majik Latest Combo Of 3 Pcs Hair Building Fibers For Hair Thickening For Men And Women 7 Grams Dark Brown Pack Of 1 ,599,64,3
 Make p:rem Hydrate me. Micro tension cream 65ml make prem Made in Korea ,3097,186,3
 Maldon Sea Salt Flakes (125G) - Pack Of 2 ,2880,458,3
 Malie Organics Plumeria Body Wash 244ml/8.25oz ,5275,6,3
 Mane n Tail Color Protect Shampoo ,988,451,3
 Mantouss Chocolate Box with Card for Teacher ,199,21,3
 Maple Holistics Silk18 Sulfate-free Natural Conditioner for Dry and Damaged Hair ,2944,707,3
 MarutiMart Waterproof Easy Foot Cleaner Shower Slipper for All Age groups foot cleaning brush Shower Feet Cleaner/Scrubber/Pumice Stone Massager (foot spa) ,397,291,3
 Mary Kay Embrace Dreams Sugar Scrub ,3895,144,3
" Maurya Khadi Amla & Bhringraj Shampoo,210ml Pack, Set of 3 ",515,291,3
" Mediheal N.M.F Aquaring Hydro Nude Gel Mask Pack 30g x10 sheets - Aqua double, Moisturzing ",4481,46,3
 Mehandika Herbal Henna (140gm Pack of 2) ,140,186,3
" Mentos Sugar-Free Chewing Gum, Red Fruit Lime, Non Melting, 15 Piece Bottle ",9600,790,3
" Method 00034 Gel Hand Wash, Sweet Water, 12 Oz Pump Bottle ",3523,29,3
" Method : Foaming Hand Wash, Sweet Water Foaming, 10oz Pump Dispenser -:- Sold as 2 Packs of - 1 - / - Total of 2 Each ",4631,291,3
 Metro3 Texture Leave-In Conditioner 8.5oz ,3087,881,3
" Michel Design Works Guest Soaps, Lemon Basil ",3696,251,3
 Midiron Designer Rakhi Gift Set with Chocolate Bar and Printed Ceramic Mug ( Multicolor) ,749,578,3
 Midiron Happy Friendship Day Quoted Printed Coffee Mug with 15 Piece Gold Chocolate for Best Friend ,399,6,3
 Midiron Rakhi Gift for Sister with 2 Chocolate Bar and Ceramic Coffee Mug ,649,181,3
 Midiron Super Sister Printed Ceramic Coffee Mug with Red Teddy and Chocolate Gifts ,699,285,3
 Milk & Honey Shower Crème by Lather & Fizz ,4073,707,3
 Milkomix Kesar Pista Kulfi Mix Flavored Milk Powder – 150g ,89,919,3
 Mirisha 250G X 2 Regular Lotus Seeds Pop /Gorgon Nut Puffed Kernel (Makhana) 500 Gm Pack of 2 Grade - Big Size ,458,578,3
 Miss Claire Nature Essence Skin Soothing Aloe Vera Face Mask Daily Beauty Booster For Men & Women ,99,458,3
" Mistral Men s Soap, Cedarwood Marine, 250 Grams ",3018,458,3
 Mixen 5 in 1 Cleaning Bath Spin Massage with Electric Shower Brush (Blue) ,744,186,3
 Mohanlals Taste Buds (MTB) Biryani Masala - 1Kg ,500,291,3
 Monginis Melting Sensation Center Filled Confections Chocolates Gift Box 110g ,170,458,3
 Morges Ice Cream Shape Bath Sponge For Body Wash For Men Women And Kids Multicolor 15 Gram Pack Of 1 ,249,94,3
 MotherLand Production Fish Masala Powder (Set of 10 Pouch Each 9 gm ) ,90,291,3
 Mothers Recipe Upma Instant Mix/Upma Mix (Pack of 5 * 170 GM) ,175,291,3
" Mudder 10 Pack Eye Mask Shade Cover Blindfold Travel Sleep Cover with Nose Pad, Black ",1729,96,3
" Multi-Purpose Clear Glue Contact Adhesive, Strong Super Glues Paste Adhesive for Phone Screen, Jewelry, Watch, 100% Waterproof and Incredibly Strong ",599,291,3
" Murchison-Hume Superlative Hand Soap (Fig), 17 Ounces ",7482,649,3
 Mussvital Cereals(Grain) Shower Gel 750ml ,766,919,3
 Mustela Baby Hydra Bébé Body Lotion 300ml ,2550,458,3
" Mydio 2 Pack Waterproof Women Shower Caps Bath Cap,Double Layer Satin Lined Shower Cap for Women ",1659,291,3
 NEW!!! 2016 AVON HOLIDAY EDITION LIP BALMS LOT OF 10 PINK MERINGUE ,2607,790,3
 NMFe Nmf E Lip Care Balm 10 Gm (Pack of 4) ,457,186,3
" NO-AD Sunscreen Lotion, (SPF 30) 16 fl oz ",3105,649,3
 NUBIAN HERITAGE BODY WASH ,4544,853,3
 NUTRIGLOW Wine Facial Kit and Hair Straightner ,475,458,3
 NUVO Disposable Shower Cap Pack of 100 ,399,790,3
" Namma Veedu Natural Honey, 500 gm (Pack of 3) ",890,291,3
" Nandos PERinaise Mayonnaise, Hot, 265g, Product of The Netherlands ",375,251,3
 Nature Chai Jasmine Green Tea | 100% Natural Herbal Tea | 50g ,233,433,3
 Nature N Nature Gold Coin Milk Choco Chocolates - 350 Grams ,489,853,3
 Nature Valley Air Freshner 240ml (Lemon Lime) ,172,695,3
" Nature Vit Lakadong Turmeric Powder, 400 gm ",199,548,3
 Natureplex Vitamin E Cream (3 Pack) 1.5 oz Tubes ,2051,649,3
 Natures Essence Pearl Kit (180g) ,475,458,3
 Natures Precious Gift Black Pepper Whole & Clove Whole - 500 GM Each (Spice Combo Pack) ,1235,790,3
 Naveen Kitchen Masale Present Coriander Powder 500 Gram and Garam Masala 300 Gram and Turmeric Powder 1 kg ,545,649,3
" Navi Rams Organic Mango Mix Pickle, 400 grams ",300,707,3
 Nexxus Humectress Moisture Restoring Masque 6.7 oz ,3969,291,3
 Niconi Arbutin Rubber Modelling Clay Face Mask with purifying natural organic anti pollution anti acne brightening whitening lightening tightening anti blemish pore cleansing deep moisturizing dead skin removal organic tan removal oil control open pore shrinking ingredients for instant clear glowing fairness white even toned skin can be used daily overnight by men women with normal oily sensitive dry regular or all type skin - 180 g ,590,186,3
" Niconi Oil Clearing, Skin Lightening Kesar Cream Face Wash with Active Glycerine - 50 gm ",60,707,3
 Niconi Oxygen Bleach for Sensitive And Dry Skin - 175 gms ,475,291,3
 Niki de Saint Phalle for Women 2.0 oz - fuendue Edition - No. 6300 ,9674,291,3
 Nioxin Scalp Recovery Soothing Serum 3.4 oz ,3699,781,3
 Nirvisha Heel Protector Socks For Men And Women Heel Pain Relief Silicone Gel Heel Socks ,297,64,3
 Nisarga Rose Gulkand 1Kg (Pack of 3) ,1050,853,3
" Nivea Active Clean Shower Gel, 500g, 500 g (Pack of 2) ",598,578,3
" Nivea Extra Whitening Cell Repair Body Lotion SPF 15, 400ml with Essential Lip Care, 4.8g ",539,186,3
" Nivea Men Body Deodorizer, Sprint, Gas Free Deodorant 120ml ",161,919,3
" Nivea Men Deep Impact Freshness Deodorant Spray - For Men, 150 ml (Pack of 3) ",492,707,3
 Nivea Whitening Sensitive 48 Hours Gentle Care Deodorant - 150 ml ,199,881,3
" Norworld Organics hair wash powder A combination of Amla, Reetha,, Shikakai, Bharingraj, Brahmi, Khaskhas, Methidana, Ekanki, Usilam, Nagarmotha 75gms(pack of 8, 75gm each) ",350,649,3
" Nourish Organic Moisturizing Cream Body Wash, Almond Vanilla, 10 Fluid Ounce ",4083,432,3
 Nualoha Peppermint Oil (4 oz) ,949,790,3
 Nubian Heritage Body Wash Coconut Papaya ,7849,96,3
 Nubian Heritage Hand Cream African Black Soap - 4 fl oz by Nubian Heritage ,2471,790,3
 NutriGlow Platinum With Oxy Bleach Cream 300g ,229,549,3
 O4U Organic Kaolin Powder for Face and Hair - 250 gm ,299,433,3
 OGX Coconut Milk Body Wash 385ml ,5324.48,578,3
 Ogx Body Wash Tsubaki Blossom 19.5 Ounce (577ml) (6 Pack) ,8139,695,3
 Okra Oil 100% Natural Pure Undiluted Uncut Essential Oil 30ml ,556,96,3
 Olay Ultra Moisture Body Wash with Shea Butter ,3739,96,3
" Old Spice High Endurance Deodorant Solid, Original 3 oz (Pack of 11) ",6849,707,3
" Oleev Olive Pomace Oil, for Everyday Healthy Cooking, Tin, 5L ",1799,578,3
" Olivae Conditioner, 8 Oz. ",2771,186,3
 Online Quality Store Mint Powder Peppermint for Face (500 Gms) ,255,458,3
 Online christmas gifts - 9 Chocolate Gift Box - Christmas items ,695,578,3
 Online new year gifts - 12 Chocolate Gift Box - Chocolate gift box ,795,6,3
 Online rakhi gifts - 9 Chocolates Gift Box - Rakhi gifts for sister ,695,186,3
 Online rakhi gifts - 9 Chocolates Gift Box - Rakhi with gifts with Rakhi ,695,790,3
" Opi Nail Envy Nail Strengthener, Soft And Thin, 0.5 Fl. Oz. ",3911,291,3
 Organic Handrolled Green Tea (50 grams) ,230,919,3
" Organic Harvest Ylang Ylang Essential Oil, 10ml & Organic Harvest Tea Tree Oil, 10ml ",565,291,3
 Organic India Tulsi Green Tea Jasmine 25 Tea Bags Pack of 2 ,307,291,3
" Organic Root Stimulator Fertilizing Temple Balm, 2 Ounce ",2938,649,3
 Organic Skin Lightening Scrub+Mask+Massage Cream Combo150g ,990,707,3
 Organic Therapie Refreshing Toner 50 ml • Nourishes • Stimulates ,225,186,3
 Organo Nutri Roasted Flax Seeds (450 g) ,130,549,3
 Organoveda Madurai Jasmine Aroma Massage Oil(100ml) ,320,790,3
 Oshea Gold Facial Kit ,319,54,3
" Ottilie Lulu, Morning Facial Moisturizer, Southing Mandarin Sandalwood Scent, 3 fl oz (88 ml) ",5982,251,3
 Oxyglow Saffron & Liquorice Fairness Cream With Cucumber Skin Toner ,266,578,3
 Ozone Ayurvedics Intenso Hydrate Cocoa Body Polishing Treatment Kit ,2500,167,3
 PARAG FRAGRANCES NIGHT QUEEN Type 6ml Premium Quality Perfume Roll-on ,399,578,3
" PARAG FRAGRANCES WOODS 50ML Natural Alcohol Free Attar, Best Attar For Men (Best Perfume For Men) Perfume Oil/Fragrance Oil ",2210,790,3
 PARIS HILTON PASSPORT TOKYO by Paris Hilton for WOMEN: BODY LOTION 4 OZ by Paris Hilton ,2739,431,3
 PINK MUSK PERFUME SPRAY ,2400,186,3
 PINK PLUMS Cool Mint & Diamond with Vitamin E Massage Cream 250 ml Each (Pack-2) ,219,96,3
 PINK PLUMS Cool Mint Facial Gel and Papaya Massage Cream With Vitamin E 250 ml Each (PACK OF 2) ,219,543,3
 PINK PLUMS Mix-Fruit Face Pack | Neem-Tulsi Face Pack | Diamond Facial Gel | Papaya Facial Gel with Vitamin E COMBO (Pack of 4) Each 250 ml ,349,291,3
 PINK PLUMS Neem-Tulsi with Vitamin E Massage Cream 250 ml ,179,29,3
 PINK PLUMS Papaya Face pack and Charcoal Massage Cream With Vitamin E 250 ml Each (PACK OF 2) ,219,458,3
 PINK ROOT CUCUMBER GEL 500GM WITH CHARCOAL MASK 500GM ,350,46,3
 PINK ROOT FRUIT CREAM 500ML WITH LEMON FACE WASH 100ML ,250,707,3
 PINK ROOT GOLD MASK 500ML WITH GOLD BLEACH 50G ,200,458,3
 PINK ROOT KERTAIN CONDITIONER AND SHAMPOO 200ML ,518,251,3
 PINK ROOT PEARL GEL 500GM WITH MANGO BLEACH 50GM ,399,144,3
 PINK ROOT TEA TREE MASK 100G WITH GOLD BLEACH 50G ,200,458,3
" PRZ Grapefruit Essential Oil (15ML) - Pure Natural & Therapeutic Grade Oil For Aromatherapy, Skin Care & Hair Care ",230,291,3
" PUR 100% Xylitol Chewing Gum, Peppermint, 55 Pieces per Bag (Pack of 6) Sugar-Free + Aspartame Free, Vegan + non GMO: Peppermint, 55 Count (Pack of 6) ",7778,649,3
 Palmers Softening Rosehip Body Wash With Wild Rose Scent 400 mL ,795,707,3
" Palmolive Men Sensitive Imported Body Wash, 250ml (Pack Of 2) ",380,167,3
 Pals World Royal Beauty Combo - Instant Glowing Care - Diamond Glow Facial Kit - 2 Lavender Soap - 2 Kesar Soap - 1 Cucumber Gel - Facial Ubtan ,1599,64,3
 Parag Fragrances (W Series Attar) Oudh of Shrilanka Bhapka Processed Attar For Men 6ml / 0% Alcohol/Best Attar For Winter (Long Lasting and Chemical Free Natural Agarwood Attar) ,709,845,3
" Parag Fragrances 25ml Delphinium Attar With Fancy Empty Bottle (Alcohol Free, Long Lasting, Natural Attar) Also Available in 50/100/200/500 pack ",598,291,3
" Parag Fragrances 25ml Romantic Attar With Fancy Empty Bottle (Alcohol Free, Long Lasting, Natural Attar) Also Available in 50/100/200/500 pack ",598,790,3
 Parag Fragrances Ambery Chandan Eau De Perfume 60ml (Unisex) Long Lasting Perfume With Imported Crystal Glass Bottle ,749,96,3
 Parag Fragrances Chamap Spl. 30ml Eau De Perfume For Men & Women (Long Lasting Natural Perfume Spray) With Attractive Imported Perfume Bottle ,399,578,3
 Parag Fragrances Good Evening 30ml Eau De Perfume For Men & Women (Long Lasting Natural Perfume Spray) With Attractive Imported Perfume Bottle ,399,433,3
 Parag Fragrances Miss Chicago Perfume For Women (Branded Adition) Long Lasting Special Imported Quality Perfume For Women (Purse Friendly) ,255,291,3
" Parag Fragrances Patchouli Grade 1 Essential Oil 100ML (Undiluted, Pure & Natural Essential Oil For Aromatherapy, Relexasion, Meditation or Hair/Skin Treatment ",701,285,3
 Parag Fragrances Pinapple Musk Pocket Attar Perfume 18ml (Made From Attars For Long Staying on Clothes) Easy To Use and Carry in Pocket and Purse ,258,291,3
 Parag Fragrances Real Kasturi 30ml Eau De Perfume For Men & Women (Long Lasting Natural Perfume Spray) With Attractive Imported Perfume Bottle ,399,458,3
 Parag Fragrances Real Kasturi Eau De Perfume 60ml (Unisex) Long Lasting Perfume With Imported Crystal Glass Bottle ,749,578,3
" Parag Fragrances Red Tulip 25ml Cooler Perfume/Aroma Diffuser Oil or Fragrance, Long Lasting Cooler Perfume/Aroma Diffuser Fragrance Oil ",249,285,3
 Parag Fragrances Sandal Power Attar Attar 12ml With Precious Gift Pack|Best Attar For Man|Long Lasting Attar|Ittar|Attar|Perfume|Fragrance Oil|Gift For Man Also Available in 25ml/100ml/500ml ,534,458,3
 Parag Fragrances T-Poision Attar 100ml (Alcohol Free Attar For Men) Perfume Oil | Scent | Itra ,1418,578,3
 Parag Fragrances Tobecco Oud Attar 12ml With Precious Gift Pack|Best Attar For Man|Long Lasting Attar|Ittar|Attar|Perfume|Fragrance Oil|Gift For Man Also Available in 25ml/100ml/500ml ,534,76,3
" Parag fragrances Kasturi Perfume for Men and Women, 60 ml ",849,291,3
" Park Avenue Beer Shampoo, Damage Free, 190ml (Pack of 2) ",239,29,3
" Park Avenue Mens Deo, Alter Ego Signature, 100g (Pack of 2) ",460,881,3
" Paulas Choice RESIST Omega+ Complex with Flaxseed, Passion Fruit, and Olive Oil - 1 oz ",5643,853,3
" Pep N Pure Mango Almond & Chilli Tamarind Combo Sauce, 460 Gram Combo Jar ",350,577,3
 Pepsi Wild Cherry Lip Balm Stick ,2109,21,3
" Percy Corn Flakes Classic and Choco Vanilla Flakes, Combo Pack of 2 Jars [Duet Cereal, Chocos High Iron and Fibre Breakfast] Jar, 720 g ",448,186,3
 Perlier Organic Honey (Miel) Smoothing Hand Cream 3.3 oz ,3483,578,3
" Perlier: ""Thai Coco"" Absolute Relax Bath Cream * 16.9 Fluid Ounces (500ml) Bottle * [ Italian Import ] ",4170,853,3
 Peter Thomas Roth Camu Camu Power Cx30 Vitamin C Brightening Moisturizer - 50ml/1.7oz ,8599,246,3
 Philosophy Snow Angel Body Polishing Scrub-7 Fl Oz ,4258,578,3
 Pink Root Hair Serum and Streax Cream Hair Colour 3 Dark Brown 6 Pcs ,379,881,3
 Pinkdose 2018 Non-Woven Fabric Disposable Mouth Masks Adult Anti Haze Mask Anti-Dust Mouth Masks Windproof Mouth Face Masks : White ,850,46,3
 Pkg Mix Fruit Hand Wash 250ml (Yellow) Pack of 4 ,155,919,3
 Plantlife Value Set Lavender Foam Soap ,4927,919,3
 Plum Age Specialist Bright Years Cell Renewal Serum 30ml ,1575,781,3
" Plum Bright Years Restorative Overnight Creme, 50 ml, Age Specialist, For Normal And Dry Skin, Vegan Skin Care ",788,291,3
 Pmw® - Natural Multhani Mitti - 1 Kilo - Cosmetic Grade - For Face & Body - Multhana ,149,549,3
 Portable Facial Nano Mist Sprayer Handy Atomization Machine Face Moisturizing Hydration ,7449,54,3
" Pratipa Cashews Roasted Cashews, 500 g ",450,96,3
" Pre de Provence Triple Butter Riche Hand Cream Gift Set for Soft Skin - Mirabelle, Lavender, Coconut ",3658,458,3
 Premium Vijaysagar Powder double pack 100 gram each ,499,186,3
 Preserves Naturally Mango Jam and Plum Chutney (240 g x 2) (Pack of 2) ,240,162,3
 Primal Elements Soap Loaf Ariel 5-Pound Cellophane ,9469,144,3
 Prime Mesh Back Scrub Puffs Bath Massager Sponge With Rope Handles Men And Women Multi Color Pack Of 1 ,595,790,3
" Pringles Potato Chips Honey Mustard, 169g ",260,266,3
" Professional Face, Nose, And Body Hair Trimmer With Super Bright Led Light By Toilet Tree Products. Backed By A Lifetime Guarantee ",3249,919,3
 Pure 100% Natural Henna Mehandi Rachni Powder For Hair Coloring Hand & Foots Designe Women & Men 1Kg ,699,536,3
 Pure Hand Cream for Dry and Cracked Skin with Shea Butter & Vitamin E – Fragrance Free Hands Moisturizer for Men and Women – Travel Size (4oz) - By Honeydew ,3554,549,3
 Pure Nature Khadi Pack of Kaolin clay and Dead Sea Mud Natural face pack (100 gm each) ,175,707,3
" PureSense Macadamia Reviving Face Serum, 30ml- Sluphate Free & Paraben Free ",1075,291,3
" Purpose Gentle Cleansing Bar - 3.6 Oz/ Pack, 4 Pack ",4159,291,3
 R R AGRO FOODS Tea Cut Peppermint Leaves 100 Gms ,257,649,3
 RMK Ingenious Powder Eyes - # SH-05 Shiny Blue- 1.9g/0.06oz ,4627,267,3
 Radico 100% Organic Amla Ritha Shikakai Mix (Hair Treatment) With Herbal Henna Powder ,370,21,3
" Ralph Lauren Polo Red Intense By Ralph Lauren for Men Eau De Parfum Spray 2.5 Oz, 2.5 Fluid Ounce ",8809,291,3
 Rasasi Royale Blue Men Deodorant 200ml ,295,919,3
 Ravi Citron Pickle 1 Kg ,200,707,3
 Raw Home Essential Jatamansi Taila ,999,458,3
" Realtree Mountain Series for Her Body Lotion, 6.8 Ounce ",1639,649,3
 Reiko Flexible Long Arms Hand Free Phone Holder ,6059,707,3
" Rene Furterer Karité Nutri Intense Nourishing Shampoo, 5 fl. oz. ",6044,291,3
" Revyur Ayurvedic Hair Oil, Green, 100 ml ",180,919,3
 Robinsons Fruit & Barley Orange Squash 1000G ,3200,64,3
" Rocawear X By Roca Wear For Men (Eau De Toilette, 30 ML) ",5349,649,3
 Roottree Natures Castor Oil (50 ML) ,151,549,3
 Royal Beauty 10Pc Face Care PILATEN Nose Facial Blackhead Remover Mask Minerals Pore Cleanser Black Head EX Pore Strip ,1122,186,3
 Royal Beauty 6 Cute Types Sleeping Eye Mask Cover Eyeshade Hot/Cold Mask Portable Travel Sleep Rest Aid Soothing Relief Blindfold Eyes Patch ,1374,186,3
 Royal Beauty Top Quality Deep cleaning Blackhead Nose Washing Brush Pores Clean Brush Wooden Handle Brush Cleanser Small Nose Brush ,544,578,3
 Rue 21 Pink ICE Perfume Spray 1.7 FL Ounce ,3254,433,3
" Rustic Rituals Dual Sided Dry Skin Body Brush With Massager, 200 g ",499,707,3
 S & H Sunflower oil 100% pure natural & undiluted By zapach international ,251,458,3
 S4D Snatch4deals Silicone Gel Shock Cushion Plantar Heel Support Pad Cup Orthotic Insole 22 ,199,648,3
" SAINIKS Dry Fruit Mall - Start UR Day ""Traditional Way"" Cloves/Laung, 100 Grams ",225,246,3
 SANCTUS Underarm Whitening & Sweat Reduction Cream AND Activated Charcoal Black Head Removal PEEL - OFF Mask Combo (100gm + 100ml) ,799,578,3
 SARVSIDDHI Mithuna Astro Aroma bath Natural Handmade Soap Set Of 12 ,1389,77,3
 SEVA Nylon Bathing Body Cleaning Back Scrubber Sponge Loofah for Men and Women ,.55.00,144,3
" SFU E Com Temptations Chocolate Basket Hamper | Gift for Birthday, Anniversary, Holi, Rakhi, Diwali ",749,273,3
 SGAP Premium Quality Fennel Seed - Sounf 50 gm ,79,578,3
 SIGN EVER Ramacham Loffah Scrubber For Bathing Men Women From Organic Ayurvedic Nature Product For Your Healthy Family 10 Pieces ,289,707,3
" SKIN BERRY Aloe Vera Multipurpose Beauty Gel for Skin,body and Hair, 120gm ",340,291,3
" SKR Coconut Fibre Coir Body Bath Scrubber (Pack of 15,Beige, Standard Size) ",399,291,3
 SLB Works Bath Scrubber Shower Spa Sponge Body Cleaning Scrub Random Colors Bath Ball OH ,1590,458,3
 SLB Works Essence Facial Mask Peel-Off Pore Removal Cosmetics Water Hydrating for LANBENA ,1590,186,3
 SLB Works Novelty Design Animal Waterproof Shower Cap Bath Dry Hair Cover Protector Hat g3 ,1590,291,3
 SLV Cream king Of Cordyceps League Ginseng Face Dark Spot ,3462,458,3
" SOS Organics Natural Shaving Bar, 100 gm, Pack of 2 ",340,790,3
 SQUICKLE Anti Crack Full Length Silicone Protector Moisturizing Socks for Foot-Care and Heel Cracks ,299,780,3
 SRR MASALA Chicken Ghee Roast Masale (Pack of 6) 60 g Each ,270,433,3
" SUGARIN Edible Petal Dust, Leaf Green, 4.25gm ",120,273,3
" SUGARIN, Ediblle Petal Dust, Lavender, 250gm ",3100,578,3
 SWD Prime Skin Care Fresh Hydrating Aloe Vera Gel Face Cream Moisturizing Whitening Repair Nourishing Acne Treatment ,7290,919,3
 SWD prime BEAUTY SKIN CARE MOISTURING HYALURONIC ACID BLACK FACIAL MASK KEEP WATER/OIL CONTROL/face mask Remove Blackheads TREATMENT MASK ,3914,919,3
 SWEET INSPIRATIONS Edible Cake decoration Sprinkle cupcake toppers Multi Color Flower Vein LARGE - 25 pcs ,239,96,3
" Sally Hansen Insta-Dri Fast Dry Nail Color, Mauve It [05], 0.31 oz (Pack of 6) ",7924,446,3
" Samyang Hot Chicken Ramen 2X Spicy Buldak Noodles, 140gm ",145,881,3
 Sanskarit Turmeric ,299,578,3
 Scent Souls Victoriaa Secret Bombshell & Black Opiume Perfume Oil/Fragrance Oil (Attar| Ittar) Roll On For Women (Best Pure Branded Long Lasting Alcohol Free Perfume) Combo Pack offer Set Of 2 (12ml) ,769,29,3
 Schwartz Pour Over Creamy White Wine & Herbs - 26G (0.06Lbs) ,2000,881,3
 Scottish Fine Soaps Au Lait Bath & Shower Gel 300ml 10.5oz ,6200,578,3
 Sebamed Bubble Bath ,387,549,3
 Secret Key - Multi Cell Night Repair Ampoule - Facial Care (50ml) ,2500,707,3
" Semme Nail Arm Rest, Hand Pillow Soft Nail Art Pillow Manicure Hand Arm Rest Cushion Salon Sponge Pillow Manicure Tools ",5915,291,3
 Send Rakhi to Brother with Chocolate - Rakhi greetings - 9 Chocolate Box with Rakhi ,745,96,3
 Sensations Pearly Shower Gel 150ml/5oz ,3239,291,3
 Sent Hair Remy Brazilian Vigrin Hair Curly Weave Human Hair Lace Closure Bleached Knots Middle Part Swiss Lace 4x4 8 Natural Color by Sent Hair ,4149,790,3
 Serious Skincare Body Souffle Beauty Treatment - Vanilla Veil ,8785,707,3
" Set Wet Cool, Swag and Thrill Avatar Deodorant Spray Perfume, 150ml (Pack of 3) ",335.25,246,3
 Set Wet Studio X Body Wash For Men - Recharge 180 ml (Pack of 2) ,199,291,3
" Seventh Generation Nourishing Body Wash, Mandarin, 15 Ounce ",3046,790,3
 Shagun Gold Mehandi Powder For Hair Leaf Powder For Hair Coloring Women & Men 2 Kg ,1350,919,3
" Shahnaz Husain Shaneem-Neem Skin Nourishing Cream Women, 1.4 Ounce ",566,853,3
 SharwoodS Sri Lankan Curry Cooking Sauce - 420G (0.93Lbs) ,3200,649,3
 Shield Body Thera 4Oz (Sold per PIECE) ,3019,291,3
" Shikai Borage Dry Skin Therapy Foot Cream, 4.2 Ounce Tubes (Pack Of 3) ",5344,919,3
 ShopUSAIndia DIOR Rouge Dior Ink Lip Liner - COLOR: 851 Shock - Burgundy Red - Matte finish ,6899,777,3
 ShopUSAIndia Essence Gel Nails At Home Primer ,2150,790,3
 ShopUSAIndia HUDA BEAUTY Easy Bake Loose Baking & Setting Powder - COLOR: Kunafa - Deep tan and rich skin tones. Golden undertones brighten and disguise under-eye darkness. - Matte finish ,6799,536,3
 ShopUSAIndia KAT VON D Lock-It Concealer Crème - COLOR: Medium 21 - medium khaki with neutral undertone - Natural finish ,5399,707,3
 ShopUSAIndia MAKE UP FOR EVER Artist Color Eye Shadow - COLOR: M-535 - oat - Matte finish ,4399,790,3
 ShopUSAIndia SEPHORA COLLECTION LashCraft Length & Volume Mascara - SIZE: Standard Size Black - 0.33 oz/ 9.8 mL - black - Standard size ,2899,291,3
 ShopUSAIndia SEPHORA COLLECTION Matte Perfection Full Coverage Foundation - COLOR: 19 Warm Linen - matte - Matte finish ,5099,881,3
 ShopUSAIndia SON & PARK Beauty Water ,5699,273,3
 ShopUSAIndia Sally Hansen Miracle Gel - 660 Terra-Coppa ,2330,44,3
 ShopUSAIndia YVES SAINT LAURENT Vinyl Cream Lip Stain - COLOR: 413 Bourgogne Alternatif - High Shine finish ,7299,853,3
" Shree Murli Kashmiri Saffron 100 % Natural (Kesar), 2 Grams ( Pack of 2) ",609,790,3
 Shrewas Goji Cream Especially Female Anti Aging Melanin Face Wrinkle Cream ,6161,549,3
 Shrewas Skin Bleaching Cream For Dark Skin Pearl V7 Whitening Cream ,4440,291,3
 Shrinika Blackhead Remover Face Clean Pore Vacuum Acne Pimple Removal(Pink) ,6329,291,3
 Shrinika Reusable Silicone Neck Pad Tape Wrinkle Treatment Anti Wrinkle Remover(Clear Triangle 1pc) ,879,458,3
 Shrinika Skin Care Pore Blackhead Vacuum Remover Acne Pimple Removal(White) ,3571,273,3
 Silk Berry Aloe Vit B3 Mask ,209,28,3
 Skin Checker New Skin Analyzer Moisture Oil Softness Sensor Monitor Tester ,3782,881,3
 SkinFood Black Sugar Perfect First Serum Fresh - 40x5ml/0.16oz ,9168,45,3
 Skudgear 2 Pieces Arch Support Insoles Memory Foam Shock Absorption Orthopedic (Red and White) (EU 40-45) ,399,853,3
" Skylofts Romantic Heart Box with heart shaped chocolates, a cute teddy & greeting card Birthday Gifts ",540,771,3
 Smack Firming Collagen Face Cream ,9899,291,3
 Softsoap Moisturizing Body Wash - Blooming Jasmine Plum - Net Wt. 18 FL OZ (532 mL) Per Bottle - Pack of 2 Bottles ,4451,578,3
 Sonaturals Lip Balm Vanilla Combo ,149,458,3
 Soothing Touch Tangerine Salt Scrub ,5649,790,3
" Sorich Organics Trail Mix (Fruits and Superfoods) - 400 Gm - Unsulphured, Unsweetened and Naturally Dehydrated ",629,707,3
 South Korea snow muscle contraction pore sleep mask 100 g hydrating ,1283,649,3
 Sparkles Homemade GoatMilk Soap 100g_White_Set of 6 ,500,707,3
 Speed Stick Power Anti-Perspirant Deodorant Unscented 3 oz (Pack of 10) ,5269,186,3
 Stick On Hair Accessories (Colour N Design May Vary) ,199,919,3
 Stockout BENEFIT COSMETICS Boi-ing Cakeless Concealer Mini - COLOR: 5 Medium - neutral undertone - Mini size: Natural finish -  0.1 oz/ 3 mL ,3599,549,3
 Stockout Colourpop FRENCHIE PENCIL ,2399,291,3
 Stockout Colourpop JAM SESH ,2399,251,3
 Stockout Colourpop NOVEMBER ,2400,881,3
 Stockout Colourpop PENCIL SHARPENER ,1899,919,3
 Stockout FARMACY Dew It All Total Eye Cream - SIZE 0.5 oz/ 15 mL ,7599,881,3
 Stockout HUDA BEAUTY Power Bullet Metallic Lipstick - COLOR: After Party - daring purple - Metallic finish ,4899,458,3
 Stockout MILK MAKEUP Blur Stick - Standard size: Matte finish - 1 oz/ 28 g ,7299,54,3
 Stockout MILK MAKEUP Flex Foundation Stick - COLOR: Tan - tan to deep with warm golden undertones - Standard size: Natural finish ,7299,853,3
" Stockout MILK MAKEUP KUSH Lip Balm - COLOR: Bubble - sheer, neutral rose with subtle golden shimmer - Standard size: Satin finish - 0.10 oz/ 3 g ",4099,919,3
 Stockout NATASHA DENONA Blush Duo - COLOR: 15 Sheer Nude - champagne peach shimmer and a light terracotta cream sheen - Standard size: Satin finish - 0.5 oz/ 14 g ,7599,77,3
 Stockout OLEHENRIKSEN Lets Get Luminous Brightening Essentials Set ,7599,267,3
 Stockout SEPHORA COLLECTION Colorful Eyeshadow - COLOR: 210 Sunset at the beach - Shimmer finish ,2799,458,3
 Stockout SEPHORA COLLECTION Colorful Shadow & Liner - COLOR: 15 Purple - Shimmer finish ,3699,649,3
 Stockout Smashbox Photo Finish Primer Water ,3989,790,3
 Stockout TOO FACED Born This Way Super Coverage Multi-Use Sculpting Concealer - COLOR: Porcelain - very fair neutral - Standard size: Natural finish ,6399,707,3
 Stockout TOO FACED Melted Matte Liquified Long Wear Matte Lipstick - COLOR: Bend & Snap! - matte deep raspberry - Matte finish ,5099,144,3
" Storeway Nike Man Basic Yellow Deodorant body spray for Men, 200ml ",250,881,3
 Stretch Marks Repairing Cream Scar Removal Maternity Skin Care Postpartum Smooth ,5327,124,3
 Stubbs Pork Marinade (12 Oz Bottles) 2 Pack ,5120,919,3
 Suave Bw Ocean Breeze Size 12oz Suave Bw Ocean Breeze 12oz ,5546,458,3
" Suave Essentials Cucumber Agave Smash Body Lotion, 32 oz ",1980,549,3
 Suave Kids Watermelon 3 in 1 Shampoo Conditioner Body Wash 3 Oz Travel Size (Pack of 3) ,3719,446,3
 Sugarin Edible Petal Dust 21.25gm Vermillion ,425,458,3
 SugrLite Urd Dal ,135,881,3
 Suhana Chicken Gravy Mix 80g ,80,291,3
 Sun Labs Tan Moisturizer Maintainer Tan Extender Lotion 2.7 fl.oz. ,1680,291,3
" Sunfeast Moms Magic Choco Chip, 100g ",47.5,790,3
" Sunshine Detergent Gel 500ml,Pink ",90,96,3
 Supergoop! Forever Young Hand Cream with Sea Buckthorn SPF 40 ,3585,549,3
 Surbhi Rasbhari Mouth freshener Saunf -200 grams ,250,781,3
 Surface Men Dry Wax Shine Firm Hold Sculpt Detail 2oz ,6272,771,3
" Surgeons Skin Secret Natural Organic Bar Soap, Blue Bar, 3 Count ",4487,458,3
 Swadha Snail Essence Deep Moisturizing Face Cream ,2860,186,3
 Swastik Ooty Peppermint Oil - 10 ml ,380,919,3
" TE-A-ME Masala Tea, 25 Tea Bags ",128,291,3
" THE PINK KNOT Ylang-Ylang, Sandalwood & Lavender set of three aromatic fragrant diffuser oil (15ml each) ",296,96,3
" TIED RIBBONS Anniversary Birthday Gifts for Husband, Girlfriend, Boyfriend, Wife, Him, Her, Combo Pack ( Printed Cushion with Filler, Old Age Couple Figurine with Led Lamp Figurine and Dairy Milk Chocolates) ",749,291,3
" TIED RIBBONS Unique Birthday Anniversary Gifts for Wife, Husband, Girlfriend, Boyfriend, Special Gifts Combo ( Printed Jumbo Size Cushion ( 18"" X 18"") with Filler, Key Chain and Handmade Dark Chocolates) ",899,291,3
 TOSHA Mango Pickle (Premium) 1Kg ,190,649,3
 Tastism Raw Flex Seeds/Alsi Ke Beej (400) ,199,919,3
 Thanjai Natural Cholesterol-free No Preservatives Organic Unrefined Wooden Cold Pressed Gingelly Sesame Oil for Cooking (6000 ml) with Himalayan Rock Salt -250 g ,1999,291,3
 Thank U Signs Gift - 12 Chocolate Gift Box - Saying Thank You Gifts ,795,291,3
 The Face Shop Face&it Radiance Concealer Dual Veil #NB21 ,4285,186,3
 The Farm Basket: Tutti Frutti Cherries [ Multi Colour ] 900g ,299,695,3
 The Hillcart Tales The Connoisseur Collection ,2500,578,3
" The Perfumer Venom Perfume for Women Spicy and Fruity, 100 ml ",599,919,3
 The Tiny Hut Cloves (Laung) 50Gms ,66,578,3
 Thuja Oil 100% Natural Pure Undiluted Uncut Essential Oil 250ml ,7804,881,3
 Tjori Bentonite Clay and Rose Face Pack for Oily Skin ,200,707,3
 Toello 1pc. Mocha Cappucchino Chocolate Coffee AND 1pc. Massage Style Cool Blue Regreshing Handmade Soap Handcrafted Soap ,399,291,3
" Tous Tous Læeau De Parfum Women Eau De Parfum, 3 Ounce ",5526,251,3
" Trappeys Louisiana Hot Sauce, 6 Fl Oz ",4800,273,3
 Tulsi Green Tea (Leaf) ,265,458,3
" Twizzlers Twists, Strawberry Flavored Licorice Candy, 16 Ounce Bag (Pack Of 6) ",6400,291,3
 Ubervia Pack of 1 4 Style Rose/Lavender/Lemon/sea Deep RoseNaturalBath Shower Bombs Body Essential Oil Bath Ball Props ,981,186,3
 Ubervia Pack of 1 Body Cream Skin Care Without Retail Box RemoveEczema ,1100,291,3
 Ubervia Pack of 1 Soft Plush Fuzzy Animal White/Pink Unicorn Sleeping 3D eye mask care tool car plane traveling eye shading blind gifts Suitable For girls ,1100,649,3
 Ubervia Pack of 1Comfortable Eye Mask Animal Sleep Eyeshade Suitable For Rest and Sleep Eye Patch Massage Relax Shade Cover Tools ,1100,451,3
" Unscented : Earthy Unscented Hand Soap, 6 Count ",9545,186,3
 Unscented Organic Oatmeal Shea Butter Soap (2 Bars) ,6405,578,3
 V 76 VGN Hydrating Conditioner 8 oz ,4110,790,3
 V Golden Heart Chocolate Box Full Of Assorted Dark Chocolates ,435,781,3
 VENJA (LABEL) Relaxing Gel Eye cool Mask with Strap-on Cooling Relaxation for Tired Eyes ,249,771,3
 VG Food Products Health Food Mix Nuts Sprouted Grains 200 Grams (Pack of 24) ,4100,458,3
" VLCC Party Glow Facial Kit, 90gm ",250,124,3
" VLCC Snigdha Skin Whitening Night Cream, 50g and VLCC Indian Berberry Face Scrub, 80g ",341,881,3
" Vaadi Herbals Fresh Fruit Massage Cream, Apple Papaya and Kukum Butter, 500g ",470,578,3
 Vagads Khadi Coconut Milky Soap for silky soft skin Pack of 4 ,396,291,3
 Vagads Khadi Handmade Herbal Saffron Soap with Essential Oils Pack of 3 ,225,919,3
" Valentine Gift for Girlfriend, Bogatchi, Happy Kiss Day 95 G ",439,77,3
" Valentine Gifts for Boyfriend, Luxury Chocolates, DeArco Chocolatier Luxuriant 253 G ",2199,578,3
" Valentine Gifts for Husband, Luxury Chocolates, DeArco Chocolatier True Magic 173 G ",2129,251,3
" Valentines day, -9 CHOCOLATE BOX -Valentines Day gift With love Card Free ",750,853,3
" Vaseline Lip Therapy Lip Balm, Creme Brulee 0.25 Oz (Pack Of 2) ",2000,458,3
" Vaseline Vaseline Intensive Care Body Lotion, Essential Healing 10 oz ",1469,649,3
" Vathsalas Combo of Kothimera, Pudina and Karvepaku Powder - 300 grams ",150,853,3
" Vedaka Premium Flaxseeds, 200g ",39,291,3
 Vega Graduated Shampoo Comb ,220,291,3
" Venusia Moisturizing Lotion For Normal Skin With Natural Aloe Vera, 200 ml ",390,919,3
 Vihado Organic Green Coffee beans 100 Gm ,159,291,3
 Vijay Chat Masala (Fruit Masala) 100g ,60,853,3
" Vlasic, Home Style Sweet Relish, 9-Ounce Bottle (Pack Of 3) ",8960,96,3
 Volamena Make- Up setting Mist 50 ml ,329,249,3
 WHOLE MART Adjustable Safe Soft Bathing Baby Shower Cap Wash Hairbaby Cap set of 3 pieces ,398,77,3
" Wagh Bakri Ginger Instant Tea Premix, 140g ",139,790,3
" Waist Trainer Corset Slimming Body Shaper Belt Slim Cincher slimming Shapers Underbust Abdomen Women Weight Loss (L, White) ",449,144,3
 Wakame Chazuke Seasoning ,2000,291,3
" Walker Tape H2GO White Glue Remover, 12 oz ",6859,446,3
 We are Little’s Island Coconut Flavour Infused Instant Coffee (50 g) ,495,790,3
 Wella Brilliance Treatment for Fine 0.84 oz ,1765,451,3
 Wella SP Luxe Oil Reconstructive Elixir for Keratin Protection (100 ml/3.4 oz) ,2255,881,3
 Whinsy Activated Charcoal Face Mask Cream For Deep Cleansing/Head Removal / 1 Pack ,108,186,3
" White Diamonds by Elizabeth Taylor, 4 Count ",8664,707,3
" Wild Ideas Anti-Bacterial Hand-Made Soap, Ylang Ylang 100gx4 ",400,693,3
" Wild Stone Night Rider Deodorant (150 ml), Code Titanium Body Perfume(120 ml) and Secret Temptation Affair Deodorant (150 ml), Te Amo Aqua Body Perfume (120 ml), Pack of 4 ",637,285,3
 Wizme Loofah With Long Handle For Men And Women Long Handle Bathing Loofah For Bathing Body Bath Accessories Pink 20 Gram Pack Of 1 ,299,458,3
" Woods of Windsor Lily of The Valley Fine English Soap for Women, 300 Gram ",5548,451,3
 World Beautys New 1pcs Snail Essence Eye Cream Remove Dark Circle Eye Bag Anti-Puffiness Ageless Anti Wrinkle Eye Cream For Female Face Care ,1663,649,3
 World Beautys New 24K Gold Essence Day Cream Anti Wrinkle Face Care Anti Aging Collagen Whitening Moisturizing Hyaluronic Acid Solution ,972,707,3
 World Beautys New 60pcs/bottle BIOAQUA Crystal Collagen Eye Mask Hot sale Eye Patches For The Eye Anti-Wrinkle Remove Black Eye Face Care Mask ,1178,707,3
 World Beautys New ARSYCHLL 5PCS SPA snake venom 3D facial silk mask paste face lift firming V Face remove wrinkles Skin Care ,1772,186,3
 World Beautys New Bioaqua 60ml Sunscreen Moisturizing Cream Sun Shine Protective Face & Body Hydrating Sun Care Cream ,1021,649,3
 World Beautys New Eye cream anti aging 100% pure Hyaluronic acid Gold Eye Essence Roll ani puffiness Instantly Face Lift Anti Aging Skin Care ,1431,291,3
 World Beautys New HOLIKA HOLIKA Aloe 99% Soothing Gel 250ml Aloe Vera Gel Skin Care Remove Acne Moisturizing Cream Sunscreen Aloe Cream Super Size ,1689,29,3
 World Beautys New HOT BIOAQUA Nourishing Moisturizing Cream Facial Skin Care Anti-wrinkle Shrink Pores Oil-control Exfoliator Whitening ,1065,124,3
 World Beautys New Horec Hyaluronic Acid Rejuvenation Five-Piece Combination Other Skin Care Moisturizing Nourishment Oil Clean ,1680,649,3
 World Beautys New Hyaluronic Organic Acid Moisturizing Retinol Facial Cream Anti-aging Face Contour Eye Vitamin E and Green Tea Face Whitening Cre ,1408,707,3
 World Beautys New Kaizm Facial Care Tools Electric Face Skin Care Massage Improves the Absorption Of Your Skincare Products For Face Anti Ageing - white ,1261,291,3
 World Beautys New Natural Skin whitening soap blackhead remover acne treatment Bamboo charcoal handmade ,942,458,3
 World Beautys New SHANGHAI BEAUTY face mask blackhead remover moisture and lighting amino acids Firming Moisturizing Whitening mask skin care - firming effect ,863,291,3
 World Beautys New Snail Cream Whitening Moisturizing Anti-wrinkle Anti-aging Repairing Lift Firming Face Cream @ME88 ,1586,291,3
 XIMI VOGUE Aloe Facial Cleanser ,574,458,3
 Xiel DNA Repair Serum 30 Ml ,4451,186,3
 Xplus Bath Loofah ,350,166,2
 Xplus Bath Loofah(Pack of 3) ,350,17,1
 YASHUS Moisturizing Face Cream Brighten Skin Anti Winkle ,8167,46,3
 YASHUS Skin Care Face Cream Whitening Cream ,3465,707,3
" YOGABITES- Signature Bars - Almond ,Medjool Dates, Coconut-60gm ",51,458,3
 Yam Seng Shampoo & Body Wash - 16 oz. ,4897,291,3
" Yardley London Jasmine Pearl Bar Soap, 4.25 Oz (Pack Of 6) ",4160,790,3
 Yashus Gel Skin Care Face Cream Hyaluronic Acid Anti Oil-control ,1131,790,3
 Yuvraj Food Product Soft Spongy Rasgulla 1kg ,200,578,3
 ZEBEX Compressed Facial Face Mask Sheet DIY Facial Mask Paper Spa Skin Care Pack of 50 ,289,649,3
" ZZEBRA Black, 4XL, China: Fashion Vest Body Shaper Slimming Waist Trimmer Trainer Belt Shapewear Weight Loss Neoprene Sauna Tank Belt ",6496,291,3
 ZZEBRA Hot Selling 1Pcs US Plug Thermal Treatment Electric Hair Beauty Steamer SPA Nourishing Hair Care Cap hair massage dropshipping ,1339,458,3
 Zyrex Forever Long Cream-100 Gram A Natural Magical Cream With Imported Korean Herbs ,760,536,3
 [ALPINE REMEDY] Blooming Cream 50ml - BEST Korea Cosmetic ,3292,919,3
 [APIEU] Haute Cushion SPF50+ PA+++ 14g ,4470,693,3
 [CLIO] Kill Cover Founwear Cushion XP SPF50+ PA+++ 15g + Refill 15g ,6040,140,3
" [Christian Dean]Pure Skin Snail Essence 150ml/Anti-wrinkle,Whitening,Snail mucin ",3170,291,3
 [HOLIKA HOLIKA] Black Caviar Anti-Wrinkle Eye Cream... ,5785,845,3
 [Holika Holika] Spot Band Patch V Zone Patch 8g ,2050,1,3
 [Innisfree] Soybean Energy Essence Light 150ml ,3089,790,3
 [Leaders Insolution] Brightening Recovery Mask 10Pk ,8458,458,3
 [Nature Republic] Collagen Dream 50 All In One Radiance Tone Up Cream SPF35 PA++ ,5540,291,3
 adbeni Papaya Mars Face and Body Cleansing Scrub Gel (100 ml) ,189,291,3
 bath and body works sugared cranberry cider shower gel 10 fluid ounce (2018 edition) ,2659,95,3
 black berry face gel 450 ,227,578,3
" degree ultraclear antiperspirant deodorant black/white, fresh, 2.7 oz (pack of 2) ",4145,578,3
 diamond scrub for face and body 500ml ,179,707,3
 face mask for pollution and allergy (Pack of 10) ,100,578,3
" finesse volumize + strenghten, volumizing conditioner 13 oz (pack of 3) ",3219,919,3
 goree Beauty Cream Whitening Anti Ageing Spots Pimples Removing x 2 ,5290,458,3
 kavya Organic Soap Aloe Vera Melt and Pour Soap Base (1000 G) ,380,29,3
 kedus efero 10pcs 5packs Crystal Collagen Eyes Mask Patches for Eye Care Anti-puffiness ,985,707,3
" method products inc. - soap,foam,refill,lmyl ",3519,881,3
 shrinika 58cm New Fashion Women Sleep Cap Satin Night Sleep Cap Hair Bonnet Hat Shower Cap(Green leaves) ,1190,186,3
 shrinika Hair Bonnet Hair Steamer Women Laser High Elasticity shower caps (Black) ,1170,186,3
 shrinika Shower Caps For Ladies Good Hygroscopicity Breathability Microfiber Hair Turban (Purple) ,1294,291,3
 shrinika Women Hair Quickly Dry Hat Cap Towel Microfiber Bath Shower Cap Strong(1pcs white) ,1170,186,3
" skinChemists Age Defying DD Light Cream with SPF 30, 31 Gram ",4541,458,3
 two old goats body wash by two old goats mfrpartno a and f bw case ,3062,707,3
" under eye gold eye mask - energizing, moisturising 24k gold collagen patches for reducing dark circles puffiness undereye bags, wrinkles | vegan, all-natural (15 pairs) ",999,291,3
